客户号,异常波动,持仓集中度（概念）,持仓集中度（个股）,持仓盈亏,持股周期,涨跌停操作偏好,高转送股偏好,止盈偏好,止损偏好,追高买入,追高卖出,看涨买入,看涨卖出,看跌买入,看跌卖出,日线买入,日线卖出,周线买入,周线卖出,月线买入,月线卖出,早盘集合竞价买入,早盘集合竞价卖出,早盘开盘后买入,早盘开盘后卖出,早盘开盘中买入,早盘开盘中卖出,早盘收盘前买入,早盘收盘前卖出,下午盘开盘前买入,下午盘开盘前卖出,下午盘开盘后买入,下午盘开盘后卖出,下午盘开盘中买入,下午盘开盘中卖出,下午盘收盘前买入,下午盘收盘前卖出,收盘结合竞价买入,收盘集合竞价卖出,波段操作偏好,bs操作偏好,打新股情况,高点买入,高点卖出,上涨买入,上涨卖出,下跌买入,下跌卖出,低点买入,低点卖出,ST股偏好,次新股偏好,可转债偏好,中小板偏好,永远满仓,注意力驱动偏好买,注意力驱动偏好卖,过度自信
156069899.0,0.8465735902799727,0.0,0.1666666666666666,-0.019411101374028763,32.22222222222222,0.0,0.026134576493393298,-1.0,-1.0,0.5,0.0,0.5,0.0,0.0,0.0,0.0,-1.0,0.5,-1.0,0.5,-1.0,0.0,-1.0,0.5,-1.0,0.0,-1.0,0.0,-1.0,0.0,-1.0,0.0,-1.0,0.5,-1.0,0.0,-1.0,0.0,-1.0,0.0,0.0,-1.0,0.0,0.0,0.5,0.0,0.0,0.0,0.0,0.0,0.0,0.0,0.0,0.0,0.8454388820422063,0.0,-1.0,-1.0
156071435.0,0.5180883242178419,0.3333333333333333,0.20015442428488522,0.05099870262752322,9.916666666666666,0.01639344262295082,0.01368451508618948,0.040832048719862235,0.0434808194180243,0.19672131147540983,0.22950819672131148,0.03278688524590164,0.04918032786885246,0.2786885245901639,0.21311475409836064,0.1111111111111111,0.0,0.2222222222222222,0.0,0.0,0.0,0.029411764705882353,0.03225806451612903,0.29411764705882354,0.25806451612903225,0.20588235294117646,0.25806451612903225,0.058823529411764705,0.03225806451612903,0.08823529411764706,0.06451612903225806,0.11764705882352941,0.03225806451612903,0.20588235294117646,0.22580645161290322,0.0,0.0967741935483871,0.0,0.0,0.0,0.015384615384615385,-1.0,0.029411764705882353,0.03225806451612903,0.08823529411764706,0.06451612903225806,0.17647058823529413,0.06451612903225806,0.0,0.0,0.0,0.1926837319150519,0.0,0.24495574069252798,0.8184568625098662,0.0,0.0,0.6086956521739131
156075020.0,0.5100630917374707,0.3358197328845839,0.3358197328845839,0.047712120823549635,5.9411764705882355,0.0,0.05451462227899011,0.00575971225177834,0.004784313853247476,0.5,0.25,0.0,0.08333333333333333,0.08333333333333333,0.08333333333333333,0.3,0.125,0.1,0.125,0.0,0.0,0.0,0.0,0.1,0.125,0.4,0.75,0.2,0.0,0.0,0.0,0.0,0.0,0.1,0.125,0.2,0.0,0.0,0.0,0.0,0.1111111111111111,-1.0,0.1,0.0,0.2,0.0,0.1,0.0,0.0,0.0,0.0,0.0,0.0,0.2801500408321453,0.8328462398539777,0.1,0.0,0.3333333333333333
156066842.0,0.4960130125815776,0.22463774211696527,0.16565527868572555,-0.017362714462389562,7.686274509803922,0.05263157894736842,0.142881418283964,0.1340126050294271,0.03240345912813934,0.3684210526315789,0.2631578947368421,0.05263157894736842,0.0,0.05263157894736842,0.2631578947368421,0.5,0.0,0.5,0.0,0.0,0.09090909090909091,0.0,0.0,0.0,0.14285714285714285,0.2,0.14285714285714285,0.1,0.14285714285714285,0.0,0.07142857142857142,0.0,0.07142857142857142,0.3,0.35714285714285715,0.4,0.07142857142857142,0.0,0.0,0.0,0.08333333333333333,-1.0,0.0,0.0,0.0,0.0,0.2,0.07142857142857142,0.0,0.0,0.0,0.09524323935040149,0.0,0.36222266804528874,0.8399648026230708,0.0,0.0,0.4444444444444444
156076060.0,0.31061330625711187,0.29444964823746056,0.16461270422502264,0.025772215187749914,7.68,0.0,0.0582574033265426,0.019801391682078433,0.049959168521557386,0.5294117647058824,0.35294117647058826,0.0,0.0,0.058823529411764705,0.058823529411764705,0.7,0.09090909090909091,0.0,0.0,0.2,0.0,0.0,0.05555555555555555,0.0,0.3333333333333333,0.42105263157894735,0.05555555555555555,0.0,0.0,0.0,0.0,0.0,0.1111111111111111,0.3157894736842105,0.3333333333333333,0.2631578947368421,0.1111111111111111,0.0,0.0,0.0,0.13513513513513514,-1.0,0.0,0.0,0.0,0.0,0.0,0.0,0.0,0.0,0.0,0.21879095399711013,0.0,0.13302418316027645,0.9182758475755387,0.0,0.0,0.6666666666666666
156072991.0,0.652875599477776,0.3168289460899593,0.3168289460899593,-0.16584307533869863,20.1,0.0,0.00746542778165824,0.07715813598166538,0.05191059841384275,0.125,0.25,0.25,0.0,0.25,0.125,0.0,0.0,0.0,0.0,0.0,0.0,0.0,0.0,0.0,0.0,0.2,1.0,0.2,0.0,0.0,0.0,0.6,0.0,0.0,0.0,0.0,0.0,0.0,0.0,0.0,0.0,-1.0,0.0,0.0,0.4,0.0,0.2,0.0,0.0,0.0,0.0,0.0,0.0,0.8757202037998191,0.8194738731980645,0.0,0.0,0.0
127010336.0,0.8465735902799727,0.0,0.0,-0.00652121043233732,37.0,0.0,0.062065686524897655,-1.0,-1.0,1.0,0.0,0.0,0.0,0.0,0.0,0.0,-1.0,0.0,-1.0,1.0,-1.0,0.0,-1.0,0.0,-1.0,1.0,-1.0,0.0,-1.0,0.0,-1.0,0.0,-1.0,0.0,-1.0,0.0,-1.0,0.0,-1.0,0.0,0.0,-1.0,0.0,0.0,0.0,0.0,0.0,0.0,0.0,0.0,0.0,0.0,0.0,0.0,0.6658655121242314,0.0,-1.0,-1.0
156074540.0,0.6108700143714905,0.2887705808392104,0.2285743031315678,-1.0976533288571482,15.986577181208053,0.0625,0.06942130274919955,0.02864658107669881,0.007573076650859886,0.5,0.25,0.0,0.0,0.125,0.125,0.4,0.5,0.0,0.5,0.2,0.0,0.0,0.0,0.09090909090909091,0.16666666666666666,0.2727272727272727,0.0,0.0,0.0,0.0,0.0,0.0,0.0,0.18181818181818182,0.8333333333333334,0.45454545454545453,0.0,0.0,0.0,0.0,0.058823529411764705,-1.0,0.0,0.0,0.09090909090909091,0.0,0.18181818181818182,0.16666666666666666,0.0,0.0,0.0,0.15170514875389093,0.0,0.22867201472802806,0.7364258427117791,0.09090909090909091,0.0,0.4
156074029.0,0.4617149695365115,0.16666666666666666,0.2014537383757583,0.007634966806239428,47.5,0.0,0.028199837211833646,-1.0,-1.0,0.5,0.0,0.0,0.0,0.5,0.0,0.0,-1.0,0.0,-1.0,0.0,-1.0,0.0,-1.0,0.0,-1.0,0.0,-1.0,0.0,-1.0,0.0,-1.0,0.0,-1.0,0.5,-1.0,0.5,-1.0,0.0,-1.0,0.0,0.0,-1.0,0.5,0.0,0.0,0.0,0.5,0.0,0.0,0.0,0.0,0.0,0.0,0.5658424381828637,0.8378218862587393,0.0,-1.0,-1.0
156075056.0,0.6494245003322007,0.5,0.47140452079103157,0.019436080225392602,16.340740740740742,0.0,0.30603856278988795,0.13235929716765954,-1.0,0.2,0.4,0.2,0.0,0.2,0.0,0.0,0.0,0.0,0.0,0.0,0.0,0.0,0.0,0.0,0.0,0.0,0.0,0.0,0.0,0.0,0.0,0.3333333333333333,0.0,0.6666666666666666,0.5,0.0,0.5,0.0,0.0,0.0,0.0,-1.0,0.0,0.0,0.3333333333333333,0.0,0.0,0.0,0.0,0.0,0.0,0.0,0.0,0.2982023200518769,0.9575993196376841,0.0,0.0,0.5
156073521.0,0.560131543397222,0.2161141660250867,0.19323349405108015,0.07354920839131221,6.17956204379562,0.09803921568627451,0.07163435956595908,0.02378783988419634,0.032152986749792174,0.45098039215686275,0.3333333333333333,0.0,0.11764705882352941,0.058823529411764705,0.0392156862745098,0.3,0.05,0.3,0.05,0.15,0.05,0.0,0.03333333333333333,0.15625,0.3,0.1875,0.23333333333333334,0.15625,0.1,0.0,0.0,0.09375,0.06666666666666667,0.3125,0.23333333333333334,0.09375,0.03333333333333333,0.0,0.0,0.0,0.016129032258064516,-1.0,0.0,0.06666666666666667,0.03125,0.03333333333333333,0.0625,0.06666666666666667,0.0,0.0,0.0,0.13400648031040108,0.0,0.05464211284829675,0.9943558922251993,0.0625,0.03333333333333333,0.5263157894736842
128007222.0,0.591113801074469,0.3384615384615385,0.2946278254943948,-0.029118574453931362,9.615384615384615,0.05555555555555555,0.0837846090623891,0.03984326213021832,0.022323137335205554,0.5294117647058824,0.4117647058823529,0.0,0.0,0.0,0.058823529411764705,0.2857142857142857,0.0,0.14285714285714285,0.0,0.0,0.0,0.1111111111111111,0.1,0.5555555555555556,0.5,0.0,0.0,0.0,0.0,0.0,0.0,0.0,0.0,0.1111111111111111,0.1,0.2222222222222222,0.3,0.0,0.0,0.0,0.0,-1.0,0.0,0.2,0.1111111111111111,0.0,0.0,0.0,0.0,0.0,0.0,0.0,0.0,0.43290785478193106,0.913628019699395,0.2222222222222222,0.1,0.2857142857142857
156063798.0,0.713299841291108,0.0,0.20699536978037855,-0.02852878034295843,12.63888888888889,0.0,0.002694722616406778,0.03267068188241593,-1.0,0.1,0.2,0.05,0.0,0.6,0.05,-1.0,-1.0,-1.0,-1.0,-1.0,-1.0,0.0,0.0,0.13333333333333333,0.2,0.13333333333333333,0.4,0.2,0.0,0.0,0.0,0.0,0.0,0.4,0.4,0.13333333333333333,0.0,0.0,0.0,0.0,0.0,-1.0,0.0,0.0,0.4,0.0,0.13333333333333333,0.4,0.0,0.0,0.0,0.08241118229470006,0.0,0.172306348281887,0.7760290050308284,0.0,0.0,0.5
156071488.0,0.8465735902799727,0.0,0.0,0.45662228820433043,13.0,0.0,0.026028401752942933,-1.0,-1.0,1.0,0.0,0.0,0.0,0.0,0.0,0.5,-1.0,0.5,-1.0,0.5,-1.0,0.5,-1.0,0.5,-1.0,0.0,-1.0,0.0,-1.0,0.0,-1.0,0.0,-1.0,0.0,-1.0,0.0,-1.0,0.0,-1.0,0.0,0.0,-1.0,0.0,0.0,0.0,0.0,0.0,0.0,0.0,0.0,0.0,0.0,0.0,0.0,0.09171483760966608,0.5,-1.0,-1.0
156063301.0,0.445041399466496,0.5,0.5,-0.0643799265400742,9.157894736842104,0.0,0.012928873945790037,0.04940138906721918,-1.0,0.0,0.5,0.0,0.0,0.5,0.0,0.5,0.5,0.0,0.0,0.5,0.5,0.0,0.0,0.0,0.0,0.5,0.5,0.0,0.5,0.0,0.0,0.5,0.0,0.0,0.0,0.0,0.0,0.0,0.0,0.0,0.25,-1.0,0.0,0.0,0.0,0.0,0.5,0.0,0.0,0.0,0.0,0.0,0.0,0.0,0.43839874567579035,0.0,0.0,0.0
156074566.0,0.2202937008196585,0.24641124624688673,0.23914370704608093,0.0057144422547109434,5.410377358490566,0.03571428571428571,0.0013243564261306668,0.01795665844520434,0.006351727018838915,0.4642857142857143,0.4642857142857143,0.0,0.07142857142857142,0.0,0.0,0.05,0.1,0.15,0.05,0.05,0.1,0.0,0.0,0.1,0.42857142857142855,0.55,0.42857142857142855,0.15,0.0,0.0,0.0,0.15,0.09523809523809523,0.05,0.047619047619047616,0.0,0.0,0.0,0.0,0.0,0.0,-1.0,0.05,0.047619047619047616,0.0,0.047619047619047616,0.15,0.09523809523809523,0.0,0.0,0.0,0.0,0.0,0.24785991649167596,0.9088126339365298,0.05,0.0,0.625
156073549.0,0.30826879534226675,0.3997802116593002,0.35403160209026996,0.1378464879653016,12.505263157894737,0.0,0.0012149291995971767,0.029164559256731944,0.0020521084207731953,0.09090909090909091,0.42424242424242425,0.06060606060606061,0.0,0.3333333333333333,0.09090909090909091,0.3125,0.0625,0.125,0.25,0.1875,0.0,0.1,0.0,0.2,0.2222222222222222,0.35,0.4444444444444444,0.05,0.0,0.0,0.0,0.0,0.1111111111111111,0.25,0.1111111111111111,0.05,0.1111111111111111,0.0,0.0,0.0,0.0,-1.0,0.05,0.05555555555555555,0.05,0.0,0.05,0.0,0.0,0.0,0.0,0.0,0.0,0.0,0.6218347282868822,0.0,0.0,0.2777777777777778
156069455.0,0.3282136372825868,0.3778641990381031,0.3519591710809904,-0.09628013487600576,1.162973413441658,0.0,0.1614629474160777,0.014504397097892061,0.004808565668649445,0.2727272727272727,0.18181818181818182,0.18181818181818182,0.09090909090909091,0.0,0.2727272727272727,0.0,0.2222222222222222,0.45454545454545453,0.1111111111111111,0.09090909090909091,0.0,0.09090909090909091,0.0,0.18181818181818182,0.2,0.0,0.3,0.09090909090909091,0.1,0.0,0.0,0.09090909090909091,0.1,0.09090909090909091,0.3,0.45454545454545453,0.0,0.0,0.0,0.0,0.0,-1.0,0.0,0.0,0.0,0.0,0.0,0.0,0.0,0.0,0.5150024367686118,0.0,0.0,0.0,0.9004998623894835,0.0,0.0,0.2857142857142857
156073046.0,0.6020228069157257,0.4375,0.39970403251589476,-0.08453846227475642,12.971428571428572,0.0,0.09834036349865423,0.021586739654937542,-1.0,0.375,0.375,0.0,0.125,0.125,0.0,0.0,0.0,0.0,0.0,0.0,0.0,0.0,0.0,0.25,0.5,0.25,0.25,0.0,0.0,0.0,0.0,0.0,0.0,0.25,0.25,0.25,0.0,0.0,0.0,0.0,0.0,-1.0,0.0,0.0,0.25,0.0,0.25,0.25,0.0,0.0,0.0,0.0,0.0,1.0,0.8250868849860077,0.25,0.0,0.25
156064869.0,0.8465735902799727,0.0,0.0,0.0,10.0,0.0,0.8465735902799727,-1.0,-1.0,1.0,0.0,0.0,0.0,0.0,0.0,0.0,-1.0,0.0,-1.0,0.0,-1.0,0.0,-1.0,1.0,-1.0,0.0,-1.0,0.0,-1.0,0.0,-1.0,0.0,-1.0,0.0,-1.0,0.0,-1.0,0.0,-1.0,0.0,0.0,-1.0,0.0,0.0,0.0,0.0,0.0,0.0,0.0,0.0,0.0,0.0,0.0,1.0,0.1076032301147793,0.0,-1.0,-1.0
156074110.0,0.45059476317350716,0.3703892663358106,0.3164529123725906,0.01597735219511531,15.833333333333334,0.14285714285714285,0.4592896263785417,0.007751937984496113,-1.0,0.7142857142857143,0.2857142857142857,0.0,0.0,0.0,0.0,0.0,0.0,0.4,0.0,0.0,0.0,0.0,0.0,0.5,0.0,0.0,0.5,0.0,0.0,0.0,0.0,0.0,0.0,0.3333333333333333,0.5,0.16666666666666666,0.0,0.0,0.0,0.0,0.0,-1.0,0.16666666666666666,0.0,0.0,0.0,0.0,0.0,0.0,0.0,0.0,0.23672608778991758,0.0,0.45926777841671457,0.5990809878314033,0.3333333333333333,0.0,1.0
156076159.0,0.3470673575879084,0.285762408645165,0.2385299639770217,0.07849217243003008,4.5588235294117645,0.0,0.004694251052114287,0.019862806000412344,0.02318875159065038,0.3333333333333333,0.1111111111111111,0.0,0.1111111111111111,0.2222222222222222,0.2222222222222222,0.0,0.0,0.0,0.0,0.16666666666666666,0.0,0.14285714285714285,0.0,0.42857142857142855,0.2,0.42857142857142855,0.6,0.0,0.2,0.0,0.0,0.0,0.0,0.0,0.0,0.0,0.0,0.0,0.0,0.0,0.0,-1.0,0.0,0.0,0.0,0.0,0.0,0.0,0.0,0.0,0.0,0.0,0.0,0.08093256113637373,0.9872555597274894,0.2857142857142857,0.2,0.6
156071556.0,0.26668950508215816,0.3504353419713236,0.3504353419713236,-0.07657331059788605,36.833333333333336,0.0,0.017093962994752864,-1.0,-1.0,0.6666666666666666,0.0,0.0,0.0,0.0,0.3333333333333333,0.0,0.0,0.0,0.0,0.0,0.0,0.0,0.0,0.5,0.0,0.5,0.0,0.0,1.0,0.0,0.0,0.0,0.0,0.0,0.0,0.0,0.0,0.0,0.0,0.0,0.0,-1.0,0.0,0.0,0.0,0.0,0.0,0.0,0.0,0.0,0.0,0.0,0.0,0.0,0.5930768957716658,0.0,0.0,-1.0
156073101.0,0.5038225160955297,0.3162211326042705,0.31622113260427054,-0.012430389130670667,19.863636363636363,0.0,0.0034158734546098925,0.022496691662990648,0.0367624278270667,0.38461538461538464,0.23076923076923078,0.07692307692307693,0.0,0.07692307692307693,0.23076923076923078,0.375,0.0,0.5,0.16666666666666666,0.0,0.0,0.0,0.0,0.45454545454545453,0.14285714285714285,0.36363636363636365,0.2857142857142857,0.09090909090909091,0.0,0.0,0.0,0.0,0.0,0.09090909090909091,0.5714285714285714,0.0,0.0,0.0,0.0,0.0,0.0,-1.0,0.09090909090909091,0.14285714285714285,0.09090909090909091,0.14285714285714285,0.0,0.14285714285714285,0.0,0.0,0.0,0.0,0.0,0.6222165344253904,0.6487464935652135,0.0,0.0,0.6666666666666666
156074129.0,0.4018109147172012,0.41795799037640985,0.41795799037640985,0.07542552963287576,27.275862068965516,0.0,0.02152100904636954,-1.0,0.0038350014030492873,0.1111111111111111,0.2222222222222222,0.3333333333333333,0.0,0.3333333333333333,0.0,0.0,0.0,0.14285714285714285,0.0,0.14285714285714285,0.0,0.14285714285714285,0.0,0.0,0.5,0.14285714285714285,0.0,0.0,0.0,0.0,0.0,0.42857142857142855,0.5,0.14285714285714285,0.0,0.14285714285714285,0.0,0.0,0.0,0.0,0.0,-1.0,0.0,0.0,0.14285714285714285,0.0,0.0,0.0,0.0,0.0,0.0,0.0,0.0,0.3719753039076581,0.7259022097564252,0.0,0.0,0.0
156073619.0,0.4963351246739227,0.3233337809589381,0.2318772468889256,0.16954576619628928,7.767441860465116,0.0,0.16368728160864146,0.03446428420115836,0.01867869041253646,0.47058823529411764,0.35294117647058826,0.0,0.029411764705882353,0.08823529411764706,0.058823529411764705,0.17647058823529413,0.0,0.11764705882352941,0.0,0.17647058823529413,0.0,0.0,0.0,0.043478260869565216,0.15789473684210525,0.30434782608695654,0.3157894736842105,0.08695652173913043,0.05263157894736842,0.0,0.0,0.13043478260869565,0.10526315789473684,0.2608695652173913,0.2631578947368421,0.17391304347826086,0.10526315789473684,0.0,0.0,0.0,0.0,-1.0,0.0,0.0,0.0,0.0,0.0,0.0,0.0,0.0,0.0,0.07452982502072697,0.0,0.44399354191211765,0.6952096547324402,0.17391304347826086,0.0,0.4444444444444444
156074646.0,0.5131871267824457,-1.0,0.3125,0.00037060653124798576,8.285714285714286,0.0,0.013165512653191989,-1.0,-1.0,0.6666666666666666,0.0,0.0,0.0,0.3333333333333333,0.0,0.0,-1.0,1.0,-1.0,1.0,-1.0,0.0,-1.0,0.0,-1.0,0.0,-1.0,0.0,-1.0,0.0,-1.0,0.0,-1.0,0.25,-1.0,0.75,-1.0,0.0,-1.0,0.0,0.0,-1.0,0.0,0.0,0.0,0.0,0.0,0.0,0.0,0.0,0.0,0.5142379337576067,0.0,0.0,0.05649749186859857,0.0,-1.0,-1.0
156074136.0,0.37502345252456953,0.4330127018922193,0.4330127018922193,-0.02963129889188424,9.4,0.0,0.0049859315452110255,0.0024449877750610726,0.02253898283177853,0.4444444444444444,0.2222222222222222,0.1111111111111111,0.0,0.0,0.2222222222222222,0.2857142857142857,0.2,0.5714285714285714,0.0,0.42857142857142855,0.2,0.0,0.0,0.0,0.2,0.5714285714285714,0.6,0.0,0.2,0.0,0.0,0.0,0.0,0.14285714285714285,0.0,0.2857142857142857,0.0,0.0,0.0,0.0,0.08333333333333333,-1.0,0.0,0.0,0.0,0.0,0.0,0.0,0.0,0.0,0.0,0.0,0.0,0.31099650410162333,0.7099426533060258,0.14285714285714285,0.0,0.25
156074651.0,0.32126960935420934,0.12309452461623967,0.12653317355062527,0.015393129591831468,44.35294117647059,0.0,0.11265262474478308,0.027262813522355506,-1.0,0.3,0.0,0.1,0.0,0.5,0.1,0.0,0.0,0.0,0.0,0.0,0.0,0.4444444444444444,0.0,0.3333333333333333,1.0,0.1111111111111111,0.0,0.0,0.0,0.0,0.0,0.0,0.0,0.0,0.0,0.1111111111111111,0.0,0.0,0.0,0.0,0.0,-1.0,0.0,0.0,0.2222222222222222,0.0,0.0,0.0,0.0,0.0,0.0,0.0,0.0,0.3442482741767976,0.8802325045933664,0.0,0.0,0.0
156073121.0,0.20832997792870273,0.4000000000000001,0.34992710611188266,0.4438089924102768,3.9525065963060686,0.0,0.034513922558151465,0.015598092167977275,0.05693428919055543,0.3076923076923077,0.46153846153846156,0.0,0.07692307692307693,0.07692307692307693,0.07692307692307693,0.25,0.75,0.5,0.5,0.25,0.5,0.0,0.0,0.0,0.1,0.0,0.0,0.0,0.0,0.0,0.0,0.0,0.0,0.125,0.2,0.875,0.7,0.0,0.0,0.0,0.16666666666666666,-1.0,0.0,0.0,0.0,0.0,0.0,0.0,0.0,0.0,0.0,0.1368109594980982,0.0,0.13396489785813023,0.4787884206004436,0.0,0.0,0.5
156073636.0,0.44186572031751675,0.3457616645714928,0.31051639020787997,-0.17417398595692224,20.75609756097561,0.0,0.004014123913126444,0.03009135025848265,-1.0,0.25,0.25,0.375,0.0,0.0,0.125,0.25,0.16666666666666666,0.25,0.0,0.25,0.0,0.0,0.0,0.14285714285714285,0.3333333333333333,0.14285714285714285,0.0,0.14285714285714285,0.3333333333333333,0.0,0.0,0.0,0.16666666666666666,0.42857142857142855,0.0,0.14285714285714285,0.16666666666666666,0.0,0.0,0.0,0.0,-1.0,0.0,0.0,0.0,0.0,0.0,0.0,0.0,0.0,0.0,0.0,0.0,0.12419479515588766,0.6473973290831402,0.14285714285714285,0.0,0.0
156075182.0,0.6170771128645267,0.4179689453561221,0.4179689453561221,-0.3383439784546822,4.412969283276451,0.08771929824561403,0.0009315869601309007,0.08176563850218138,0.03306860014811504,0.42105263157894735,0.2982456140350877,0.05263157894736842,0.05263157894736842,0.07017543859649122,0.10526315789473684,0.0,0.0,0.0,0.0,0.0,0.0,0.06451612903225806,0.038461538461538464,0.6451612903225806,0.3076923076923077,0.06451612903225806,0.038461538461538464,0.12903225806451613,0.2692307692307692,0.0,0.0,0.03225806451612903,0.0,0.06451612903225806,0.07692307692307693,0.0,0.2692307692307692,0.0,0.0,0.0,0.03508771929824561,-1.0,0.03225806451612903,0.038461538461538464,0.03225806451612903,0.038461538461538464,0.06451612903225806,0.0,0.0,0.0,0.0,0.0,0.0,0.0,0.8363655702699356,0.5483870967741935,0.038461538461538464,0.6190476190476191
156066995.0,0.6080022487044047,0.0,0.0,0.01785933754064651,0.0,0.0,0.36981041866734954,0.01646643109540645,-1.0,0.0,0.0,0.0,0.0,0.5,0.5,0.0,0.0,0.0,0.0,0.0,0.0,0.0,0.0,0.0,1.0,0.0,0.0,0.0,0.0,0.0,0.0,0.0,0.0,1.0,0.0,0.0,0.0,0.0,0.0,0.0,0.0,-1.0,0.0,0.0,0.0,0.0,0.0,0.0,0.0,0.0,0.0,0.0,0.0,0.0,0.9741612989216265,0.0,0.0,1.0
156075700.0,0.594129079184256,0.30630519580628407,0.16845153576689192,0.029824931854661767,15.51101321585903,0.0,0.026033235764852287,0.022781798653551757,0.02124698332607871,0.5116279069767442,0.2558139534883721,0.023255813953488372,0.046511627906976744,0.09302325581395349,0.06976744186046512,0.23076923076923078,0.09090909090909091,0.3076923076923077,0.09090909090909091,0.11538461538461539,0.0,0.0,0.0,0.06666666666666667,0.15,0.43333333333333335,0.4,0.1,0.1,0.0,0.0,0.23333333333333334,0.15,0.06666666666666667,0.05,0.1,0.15,0.0,0.0,0.0,0.0,-1.0,0.0,0.0,0.0,0.0,0.0,0.0,0.0,0.0,0.0,0.0,0.0,0.5648789394378156,0.6292792224251564,0.06666666666666667,0.0,0.5833333333333334
156063926.0,0.4483646444846177,0.26190476190476186,0.26190476190476186,-8.82467731001537e-05,-1.0,0.0,0.4483646444846177,-1.0,-1.0,0.0,0.0,0.0,0.0,0.0,0.0,-1.0,-1.0,-1.0,-1.0,-1.0,-1.0,-1.0,-1.0,-1.0,-1.0,-1.0,-1.0,-1.0,-1.0,-1.0,-1.0,-1.0,-1.0,-1.0,-1.0,-1.0,-1.0,-1.0,-1.0,0.0,-1.0,-1.0,0.0,0.0,0.0,0.0,0.0,0.0,0.0,0.0,0.0,-1.0,-1.0,-1.0,0.9903466172073445,-1.0,-1.0,-1.0
156068023.0,0.8465735902799727,0.36233286153186894,0.36233286153186894,-0.02836450588996339,42.833333333333336,0.0,0.02657259783850346,-1.0,-1.0,0.0,0.0,0.0,0.0,1.0,0.0,0.0,-1.0,0.0,-1.0,0.0,-1.0,0.0,-1.0,0.0,-1.0,0.0,-1.0,0.0,-1.0,0.5,-1.0,0.0,-1.0,0.5,-1.0,0.0,-1.0,0.0,-1.0,0.0,0.0,-1.0,0.0,0.0,0.0,0.0,0.0,0.0,0.0,0.0,0.0,0.0,0.0,0.21714922048997773,0.9204126848814673,0.0,-1.0,-1.0
156073145.0,0.6413506984713518,0.4151008917347745,0.2573934748910727,-0.012823382951123261,27.5,0.1,0.006734558554777649,0.02447552447552437,-1.0,0.6,0.3,0.0,0.0,0.0,0.1,0.6,0.75,0.6,0.25,0.6,0.0,0.0,0.0,0.0,0.25,1.0,0.75,0.0,0.0,0.0,0.0,0.0,0.0,0.0,0.0,0.0,0.0,0.0,0.0,0.0,0.0,-1.0,0.3333333333333333,0.25,0.0,0.25,0.6666666666666666,0.25,0.0,0.0,0.0,0.0,0.0,0.4063028764805415,0.903967984129702,0.0,0.0,1.0
156072639.0,0.39977304075089226,0.17778648005815656,0.09653830830094504,-0.06341441649407606,8.70450097847358,0.08064516129032258,0.030945200286683468,0.027362815854723,0.02146207142051473,0.3225806451612903,0.22580645161290322,0.06451612903225806,0.016129032258064516,0.12903225806451613,0.24193548387096775,0.038461538461538464,0.043478260869565216,0.07692307692307693,0.0,0.0,0.043478260869565216,0.12,0.02564102564102564,0.18,0.07692307692307693,0.26,0.20512820512820512,0.06,0.05128205128205128,0.02,0.0,0.1,0.07692307692307693,0.18,0.28205128205128205,0.08,0.28205128205128205,0.0,0.0,0.0,0.033707865168539325,-1.0,0.04,0.07692307692307693,0.04,0.05128205128205128,0.12,0.20512820512820512,0.0,0.0,0.0,0.031644723959419266,0.0,0.3791856224249974,0.8785795191368697,0.0,0.0,0.6875
156073155.0,0.3937905514842762,0.3333333333333333,0.36568547461675455,-0.0339551529220722,24.270471464019852,0.0,0.0024763394448871897,0.03891620803074215,-1.0,0.13333333333333333,0.26666666666666666,0.0,0.0,0.3333333333333333,0.26666666666666666,0.0,0.0,0.0,0.0,1.0,0.0,0.0,0.0,0.125,0.0,0.25,0.2222222222222222,0.125,0.1111111111111111,0.0,0.0,0.0,0.0,0.375,0.2222222222222222,0.125,0.4444444444444444,0.0,0.0,0.0,0.0,-1.0,0.125,0.1111111111111111,0.0,0.0,0.25,0.1111111111111111,0.0,0.0,0.0,0.0,0.0,0.2205783669239944,0.8701449290546287,0.0,0.0,0.0
156074181.0,0.4499649061049023,0.32839150560658087,0.217428186667052,0.06101783648442976,8.754545454545454,0.0,0.5300238633413749,0.023291178759245412,0.034951351438381156,0.2857142857142857,0.19047619047619047,0.0,0.047619047619047616,0.2857142857142857,0.19047619047619047,0.36363636363636365,0.0,0.09090909090909091,0.0,0.0,0.0,0.0,0.0,0.0,0.08333333333333333,0.35294117647058826,0.4166666666666667,0.23529411764705882,0.16666666666666666,0.0,0.0,0.11764705882352941,0.0,0.17647058823529413,0.25,0.11764705882352941,0.08333333333333333,0.0,0.0,0.0,0.10344827586206896,-1.0,0.0,0.0,0.058823529411764705,0.0,0.058823529411764705,0.16666666666666666,0.0,0.0,0.0,0.2501192073542621,0.0,0.357172956009714,0.9691943545819282,0.0,0.0,0.5555555555555556
156065482.0,0.6160312519422734,0.33277986089821143,0.26151036474694894,-0.002736905194331493,22.296296296296298,0.23076923076923078,0.07511492076996197,0.06086777709232979,0.012820512820512775,0.5,0.25,0.0,0.0,0.0,0.25,0.2857142857142857,0.3333333333333333,0.14285714285714285,0.3333333333333333,0.2857142857142857,0.0,0.0,0.0,0.0,0.0,0.2857142857142857,0.5,0.2857142857142857,0.0,0.0,0.0,0.14285714285714285,0.0,0.14285714285714285,0.0,0.14285714285714285,0.5,0.0,0.0,0.0,0.07692307692307693,-1.0,0.0,0.0,0.0,0.0,0.2857142857142857,0.3333333333333333,0.0,0.0,0.0,0.0,0.0,0.2114743937398311,0.9773481534614046,0.0,0.0,0.5
156073679.0,0.6016494211438953,0.3098741473310379,0.09875400311081085,-0.3739195283041647,19.47761194029851,0.017241379310344827,0.09125308050781547,0.05981100390381918,0.04252245492581282,0.3793103448275862,0.22413793103448276,0.034482758620689655,0.06896551724137931,0.20689655172413793,0.08620689655172414,0.0,0.2857142857142857,0.0,0.0,0.0,0.0,0.0,0.0,0.1951219512195122,0.0,0.04878048780487805,0.037037037037037035,0.0,0.0,0.0,0.037037037037037035,0.0,0.037037037037037035,0.1951219512195122,0.14814814814814814,0.5609756097560976,0.7407407407407407,0.0,0.0,0.0,0.029411764705882353,-1.0,0.17073170731707318,0.0,0.0,0.14814814814814814,0.3170731707317073,0.2962962962962963,0.0,0.0,0.0,0.0629551791585168,0.0,0.5887219609638353,0.8631857472246106,0.14634146341463414,0.0,0.2
156075218.0,0.4301679412235062,0.34747157767381864,0.2739085945120304,0.18964429309549036,8.814910025706942,0.021739130434782608,0.0010985836236323335,0.10129421456290374,0.03378955170921111,0.5652173913043478,0.21739130434782608,0.021739130434782608,0.10869565217391304,0.021739130434782608,0.06521739130434782,0.0,0.0,0.0,0.0,0.0,0.0,0.0,0.0,0.1724137931034483,0.10526315789473684,0.1724137931034483,0.3684210526315789,0.10344827586206896,0.0,0.034482758620689655,0.0,0.1724137931034483,0.2631578947368421,0.13793103448275862,0.10526315789473684,0.20689655172413793,0.15789473684210525,0.0,0.0,0.0,0.041666666666666664,-1.0,0.0,0.0,0.0,0.0,0.0,0.0,0.0,0.0,0.0,0.0,0.0,0.5141758757229448,0.432674928407058,0.4827586206896552,0.0,0.6111111111111112
156074201.0,0.5694744933487856,0.5,0.5,-7.299630640204924,7.728813559322034,0.0,0.003431118872349572,0.02828784342278478,0.04270280695416843,0.16666666666666666,0.16666666666666666,0.08333333333333333,0.0,0.4166666666666667,0.16666666666666666,0.0,0.125,0.1111111111111111,0.25,0.0,0.25,0.0,0.0,0.3333333333333333,0.625,0.2222222222222222,0.125,0.2222222222222222,0.0,0.0,0.0,0.0,0.0,0.0,0.125,0.2222222222222222,0.125,0.0,0.0,0.0,0.0,-1.0,0.0,0.0,0.0,0.0,0.0,0.0,0.0,0.0,0.0,0.0,0.0,0.0,0.26895003072756557,0.0,0.0,0.375
156072670.0,0.43162145378640493,0.1267767618080892,0.12102244552915395,0.030687969395860732,13.82775119617225,0.0,0.010857861474800393,0.023888457404236067,0.0033296337402884974,0.3103448275862069,0.3620689655172414,0.05172413793103448,0.05172413793103448,0.1724137931034483,0.05172413793103448,0.06451612903225806,0.07407407407407407,0.0967741935483871,0.037037037037037035,0.06451612903225806,0.2222222222222222,0.0,0.0,0.1935483870967742,0.14814814814814814,0.03225806451612903,0.2962962962962963,0.06451612903225806,0.07407407407407407,0.0,0.0,0.06451612903225806,0.037037037037037035,0.2903225806451613,0.2962962962962963,0.3548387096774194,0.14814814814814814,0.0,0.0,0.0,0.017241379310344827,-1.0,0.06451612903225806,0.037037037037037035,0.03225806451612903,0.1111111111111111,0.06451612903225806,0.07407407407407407,0.0,0.0,0.0,0.0,0.0,0.5082422275990871,0.8862010452075046,0.03225806451612903,0.0,0.4166666666666667
156073185.0,0.5726297147202368,0.22033251076563096,0.17851478355972974,0.024812701823333953,23.41304347826087,0.0,0.19559304683348094,0.09367776587637683,0.07941977152779368,0.5294117647058824,0.11764705882352941,0.0,0.17647058823529413,0.058823529411764705,0.11764705882352941,0.4444444444444444,0.16666666666666666,0.3333333333333333,0.16666666666666666,0.2222222222222222,0.0,0.0,0.0,0.08333333333333333,0.0,0.5,0.375,0.08333333333333333,0.0,0.0,0.0,0.08333333333333333,0.125,0.25,0.125,0.0,0.375,0.0,0.0,0.0,0.0,-1.0,0.0,0.0,0.08333333333333333,0.125,0.16666666666666666,0.0,0.0,0.0,0.0,0.0,0.0,0.11317839202560355,0.7705487806298286,0.08333333333333333,0.0,0.375
156074732.0,0.06357596941896929,0.0,0.0,-0.04005623818718454,42.0,0.0,0.06357596941896929,-1.0,-1.0,0.0,0.0,0.0,0.0,1.0,0.0,0.0,-1.0,0.0,-1.0,0.0,-1.0,0.0,-1.0,0.0,-1.0,1.0,-1.0,0.0,-1.0,0.0,-1.0,0.0,-1.0,0.0,-1.0,0.0,-1.0,0.0,-1.0,0.0,0.0,-1.0,0.0,0.0,0.0,0.0,0.0,0.0,0.0,0.0,0.0,0.0,0.0,0.0,0.3979445067730902,0.0,-1.0,-1.0
156070640.0,0.5105839217729674,0.09945850237921249,0.05557162905730022,-0.005318451462397706,11.166666666666666,0.031578947368421054,0.11947298439180053,0.04265909971258419,0.03414133881719662,0.37894736842105264,0.16842105263157894,0.05263157894736842,0.06315789473684211,0.09473684210526316,0.24210526315789474,0.23404255319148937,0.046511627906976744,0.1276595744680851,0.18604651162790697,0.14893617021276595,0.06976744186046512,0.08571428571428572,0.0,0.3,0.18333333333333332,0.2714285714285714,0.25,0.04285714285714286,0.11666666666666667,0.014285714285714285,0.0,0.014285714285714285,0.08333333333333333,0.21428571428571427,0.23333333333333334,0.05714285714285714,0.13333333333333333,0.0,0.0,0.0,0.03076923076923077,-1.0,0.05714285714285714,0.016666666666666666,0.0,0.016666666666666666,0.07142857142857142,0.03333333333333333,0.0,0.0,0.0,0.11875516255741952,0.0,0.35563558138567497,0.7826911670581412,0.08571428571428572,0.0,0.3269230769230769
156064500.0,0.6095158851464969,0.0,0.5,0.011365862839708184,35.0,0.0,0.02621007203943847,0.009767441860465156,-1.0,0.5,0.5,0.0,0.0,0.0,0.0,-1.0,-1.0,-1.0,-1.0,-1.0,-1.0,0.0,0.0,0.0,0.0,0.0,1.0,1.0,0.0,0.0,0.0,0.0,0.0,0.0,0.0,0.0,0.0,0.0,0.0,0.0,0.0,-1.0,0.0,0.0,0.0,0.0,1.0,0.0,0.0,0.0,0.0,1.0,0.0,0.0,0.7602274438776785,0.0,0.0,0.0
156073211.0,0.5964392679209916,0.0,0.360281955212247,-0.11502985552728472,43.0,0.25,0.01391569054273515,-1.0,-1.0,0.25,0.0,0.0,0.0,0.25,0.5,0.0,-1.0,1.0,-1.0,0.0,-1.0,0.0,0.0,0.5,0.0,0.5,0.0,0.0,0.0,0.0,0.0,0.0,0.0,0.0,0.0,0.0,1.0,0.0,0.0,0.0,0.0,-1.0,0.0,0.5,0.0,0.0,0.0,0.0,0.0,0.0,0.0,0.0,0.0,0.4563459983831851,0.9229252653449133,0.0,0.0,-1.0
156073726.0,0.37287312540508405,0.4666666666666667,0.4666666666666667,0.06505680312599524,-1.0,0.0,0.37287312540508405,-1.0,-1.0,0.0,1.0,0.0,0.0,0.0,0.0,-1.0,0.0,-1.0,0.0,-1.0,0.5,-1.0,0.0,-1.0,0.5,-1.0,0.0,-1.0,0.0,-1.0,0.0,-1.0,0.5,-1.0,0.0,-1.0,0.0,-1.0,0.0,0.0,0.0,-1.0,0.0,0.0,0.0,0.0,0.0,0.0,0.0,0.0,0.0,-1.0,-1.0,-1.0,0.7110341793446286,-1.0,0.0,-1.0
156073736.0,0.8465735902799727,0.0,0.0,0.0,7.0,0.0,0.8465735902799727,-1.0,-1.0,0.0,0.0,1.0,0.0,0.0,0.0,0.0,-1.0,0.0,-1.0,0.0,-1.0,0.0,-1.0,0.0,-1.0,1.0,-1.0,0.0,-1.0,0.0,-1.0,0.0,-1.0,0.0,-1.0,0.0,-1.0,0.0,-1.0,0.0,0.0,-1.0,0.0,0.0,0.0,0.0,0.0,0.0,0.0,0.0,0.0,0.0,0.0,1.0,0.08570260829750687,0.0,-1.0,-1.0
156069132.0,0.40399206140406807,0.16315527199952218,0.1282744879293199,-0.014432131949182378,25.72,0.0,0.005756036090340028,0.03244837758112091,0.04951099625012672,0.2,0.1,0.3,0.0,0.1,0.3,0.2,0.0,0.4,0.0,0.2,0.0,0.0,0.0,0.0,0.25,0.6666666666666666,0.5,0.0,0.0,0.0,0.0,0.16666666666666666,0.0,0.16666666666666666,0.0,0.0,0.25,0.0,0.0,0.0,0.0,-1.0,0.0,0.0,0.3333333333333333,0.0,0.3333333333333333,0.75,0.0,0.0,0.0,0.0,0.0,0.23462403900243764,0.9345433256011673,0.0,0.0,0.0
156071692.0,0.6126556403511666,0.2607469005620031,0.20667874179882328,-0.01582001451807763,15.065573770491802,0.13333333333333333,0.09592599730157061,0.02956096379141785,0.03003096543184918,0.4666666666666667,0.36666666666666664,0.06666666666666667,0.06666666666666667,0.0,0.03333333333333333,0.09090909090909091,0.4,0.0,0.1,0.2727272727272727,0.0,0.0,0.0,0.375,0.21428571428571427,0.0625,0.0,0.0,0.0,0.0,0.0,0.1875,0.21428571428571427,0.0625,0.21428571428571427,0.3125,0.35714285714285715,0.0,0.0,0.0,0.03333333333333333,-1.0,0.125,0.07142857142857142,0.125,0.07142857142857142,0.125,0.07142857142857142,0.0,0.0,0.0,0.0,0.0,0.31422230442019605,0.8430488591822446,0.125,0.07142857142857142,0.45454545454545453
156072205.0,0.09773256045585989,0.2495182710154967,0.2680033484897492,-0.012843871972356124,16.470588235294116,0.0,0.09773256045585989,-1.0,0.07211273808213153,0.25,0.25,0.25,0.0,0.0,0.25,0.2,0.0,0.2,0.0,0.0,0.3333333333333333,0.0,0.0,0.2,0.0,0.0,0.3333333333333333,0.2,0.0,0.2,0.0,0.2,0.0,0.0,0.3333333333333333,0.2,0.3333333333333333,0.0,0.0,0.0,0.125,-1.0,0.0,0.0,0.0,0.0,0.0,0.0,0.0,0.0,0.0,0.0,0.0,0.5233641186873649,0.9966167663991591,0.0,0.0,0.0
156073230.0,0.45733066066477557,0.21166833653286907,0.18640595310426497,0.029789951307678704,22.391304347826086,0.0,0.004184236797701562,0.04942885572139296,-1.0,0.3,0.3,0.1,0.1,0.1,0.1,0.0,0.3333333333333333,0.0,0.0,0.0,0.0,0.0,0.0,0.0,0.2857142857142857,0.16666666666666666,0.14285714285714285,0.0,0.0,0.0,0.0,0.0,0.0,0.5,0.42857142857142855,0.3333333333333333,0.14285714285714285,0.0,0.0,0.0,0.23076923076923078,-1.0,0.0,0.0,0.0,0.0,0.3333333333333333,0.0,0.0,0.0,0.0,0.0,0.0,0.37704116554219225,0.7866961941211106,0.0,0.0,0.0
156070686.0,0.4799841125809091,0.1703143291622982,0.07165059154242297,0.007721110361754192,12.397727272727273,0.13114754098360656,0.04112940488679739,0.04125478951652018,0.08187917505799118,0.4098360655737705,0.3114754098360656,0.03278688524590164,0.04918032786885246,0.13114754098360656,0.06557377049180328,0.225,0.14814814814814814,0.15,0.037037037037037035,0.0,0.07407407407407407,0.017857142857142856,0.0,0.25,0.2972972972972973,0.39285714285714285,0.2702702702702703,0.19642857142857142,0.16216216216216217,0.0,0.0,0.10714285714285714,0.16216216216216217,0.03571428571428571,0.10810810810810811,0.0,0.0,0.0,0.0,0.0,0.043010752688172046,-1.0,0.0,0.02702702702702703,0.05357142857142857,0.0,0.125,0.02702702702702703,0.0,0.0,0.0,0.011788722302586218,0.0,0.4734106759009083,0.8754994322398464,0.03571428571428571,0.02702702702702703,0.6428571428571429
156063009.0,0.6092187027175473,-1.0,0.0,-0.032818876718563095,41.0,0.0,0.03087436550808386,0.1943706850770048,-1.0,0.0,0.5,0.0,0.0,0.5,0.0,-1.0,-1.0,-1.0,-1.0,-1.0,-1.0,0.0,0.0,0.0,0.0,0.0,0.0,0.0,0.0,0.0,1.0,0.0,0.0,1.0,0.0,0.0,0.0,0.0,0.0,0.0,0.0,-1.0,0.0,0.0,0.0,0.0,1.0,0.0,0.0,0.0,0.0,0.0,0.0,0.0,0.6884305332245483,0.0,0.0,0.0
156075305.0,0.46953372190176124,0.16666666666666666,0.16666666666666666,-0.009781584167214741,48.0,0.0,0.03405051307243588,-1.0,-1.0,1.0,0.0,0.0,0.0,0.0,0.0,0.0,-1.0,0.0,-1.0,0.0,-1.0,0.0,-1.0,0.5,-1.0,0.0,-1.0,0.0,-1.0,0.0,-1.0,0.0,-1.0,0.5,-1.0,0.0,-1.0,0.0,-1.0,0.0,0.0,-1.0,0.0,0.0,0.5,0.0,0.0,0.0,0.0,0.0,0.0,0.0,0.0,1.0,0.2786112204798391,0.0,-1.0,-1.0
156074285.0,0.6224861501835066,0.0,0.24562722384188254,0.01592075743565427,15.41891891891892,0.05,0.002696723829130466,0.019317528105403145,0.14408432086987508,0.25,0.4,0.05,0.05,0.25,0.0,0.0,0.0,1.0,0.0,1.0,0.0,0.18181818181818182,0.0,0.0,0.3333333333333333,0.18181818181818182,0.3333333333333333,0.09090909090909091,0.0,0.0,0.0,0.0,0.1111111111111111,0.18181818181818182,0.0,0.36363636363636365,0.2222222222222222,0.0,0.0,0.0,0.0,-1.0,0.09090909090909091,0.1111111111111111,0.18181818181818182,0.2222222222222222,0.18181818181818182,0.2222222222222222,0.0,0.0,0.0,0.0,0.0,0.43512212051537896,0.361000338668698,0.0,0.0,0.75
151002416.0,0.6640232744730195,0.20876213653383352,0.15305069231799165,-0.037329319070899605,17.185185185185187,0.02857142857142857,0.001559613829289207,0.10975154304344836,0.03465518834263536,0.5428571428571428,0.3142857142857143,0.0,0.0,0.02857142857142857,0.11428571428571428,0.2727272727272727,0.1111111111111111,0.45454545454545453,0.1111111111111111,0.18181818181818182,0.0,0.0,0.06666666666666667,0.15,0.13333333333333333,0.4,0.2,0.1,0.06666666666666667,0.05,0.06666666666666667,0.0,0.0,0.1,0.13333333333333333,0.2,0.3333333333333333,0.0,0.0,0.0,0.02857142857142857,-1.0,0.1,0.0,0.1,0.0,0.2,0.3333333333333333,0.0,0.0,0.0,0.0,0.0,0.3549117088971998,0.9044176113368786,0.2,0.0,0.3333333333333333
156073276.0,0.7141209720302113,0.3297500607082611,0.3297500607082611,-0.07433680766648257,23.847058823529412,0.0,0.19594922648195312,0.049023326379669996,-1.0,0.375,0.0,0.125,0.125,0.25,0.125,0.0,0.25,0.16666666666666666,0.0,0.0,0.0,0.0,0.0,0.16666666666666666,0.0,0.3333333333333333,0.25,0.0,0.0,0.0,0.0,0.0,0.0,0.0,0.5,0.5,0.25,0.0,0.0,0.0,0.2,-1.0,0.16666666666666666,0.0,0.0,0.25,0.0,0.0,0.0,0.0,0.0,0.0,0.0,0.4812098570739587,0.8844556208965481,0.0,0.0,1.0
156073296.0,0.12503333498116642,0.27774092110376924,0.23999687563257405,0.006994610559296393,11.5,0.0,0.0461321496485195,0.08485181210483446,-1.0,0.46153846153846156,0.23076923076923078,0.07692307692307693,0.07692307692307693,0.07692307692307693,0.07692307692307693,0.125,0.2,0.125,0.0,0.125,0.0,0.0,0.0,0.125,0.2,0.25,0.4,0.25,0.0,0.0,0.0,0.0,0.0,0.25,0.2,0.125,0.2,0.0,0.0,0.0,0.0,-1.0,0.0,0.0,0.125,0.2,0.125,0.2,0.0,0.0,0.0,0.0,0.0,0.2235899033966968,0.9427249676474646,0.0,0.0,0.75
156070236.0,0.5245536369172195,0.45454545454545453,0.2207968207025876,0.022563499226483815,23.530864197530864,0.0,0.18239022810210462,0.011751535441639946,-1.0,0.38461538461538464,0.3076923076923077,0.07692307692307693,0.0,0.23076923076923078,0.0,0.0,0.0,0.0,0.0,0.0,0.0,0.1,0.0,0.8,0.4,0.0,0.0,0.1,0.0,0.0,0.0,0.0,0.0,0.0,0.2,0.0,0.4,0.0,0.0,0.0,0.0,-1.0,0.0,0.4,0.0,0.2,0.1,0.0,0.0,0.0,0.0,0.0810499061269066,0.0,0.5040003435877928,0.8290647408216852,0.0,0.0,0.75
156074845.0,0.3533572781717945,0.2946278254943948,0.20536533915019792,0.1488472000869784,9.325581395348838,0.09090909090909091,0.13722421416007713,0.008457401638768824,-1.0,0.45454545454545453,0.5454545454545454,0.0,0.0,0.0,0.0,0.0,0.0,0.25,0.0,0.25,0.0,0.1111111111111111,0.16666666666666666,0.4444444444444444,0.0,0.1111111111111111,0.16666666666666666,0.1111111111111111,0.0,0.1111111111111111,0.0,0.1111111111111111,0.0,0.0,0.5,0.0,0.16666666666666666,0.0,0.0,0.0,0.0,-1.0,0.0,0.0,0.0,0.0,0.0,0.0,0.0,0.0,0.0,0.24580903790087463,0.0,0.0,0.48414482132299236,0.0,0.0,0.6666666666666666
156073310.0,0.660175531026975,0.24796314358114468,0.1761572547379255,-0.08590577086847014,14.475862068965517,0.13725490196078433,0.0826335192936327,0.02380986496384765,0.050142553512433456,0.5294117647058824,0.2549019607843137,0.0392156862745098,0.0392156862745098,0.0784313725490196,0.058823529411764705,0.4117647058823529,0.375,0.11764705882352941,0.0,0.0,0.125,0.06060606060606061,0.14285714285714285,0.15151515151515152,0.09523809523809523,0.12121212121212122,0.42857142857142855,0.06060606060606061,0.047619047619047616,0.06060606060606061,0.047619047619047616,0.21212121212121213,0.047619047619047616,0.2727272727272727,0.19047619047619047,0.06060606060606061,0.0,0.0,0.0,0.0,0.037037037037037035,-1.0,0.06060606060606061,0.047619047619047616,0.06060606060606061,0.047619047619047616,0.15151515151515152,0.19047619047619047,0.0,0.0,0.0,0.13625166003129632,0.0,0.04918970502438517,0.9342547625585896,0.06060606060606061,0.047619047619047616,0.6111111111111112
156073822.0,0.46444663767392597,0.2883055721630038,0.1919118035847299,-0.04365756418269596,12.294117647058824,0.0,0.07816547767610926,0.03264197192296521,0.04360635264841802,0.1875,0.125,0.125,0.0625,0.25,0.25,0.2,0.25,0.0,0.0,0.2,0.5,0.0,0.0,0.1,0.0,0.3,0.375,0.2,0.0,0.0,0.0,0.1,0.25,0.3,0.25,0.0,0.125,0.0,0.0,0.0,0.05555555555555555,-1.0,0.1,0.125,0.0,0.0,0.2,0.0,0.0,0.0,0.0,0.07667244731725262,0.0,0.16375006568921122,0.6066182861740574,0.0,0.0,0.25
109023075.0,0.5900108411824627,0.2941828644189435,0.2131164033259247,-5.381842627029107,6.139370932754881,0.2,0.15399122057104633,0.05493456506061222,0.024679250690228343,0.34375,0.21875,0.03125,0.125,0.125,0.15625,0.5,0.5,0.25,0.0,0.375,0.16666666666666666,0.2,0.0,0.35,0.5,0.2,0.16666666666666666,0.0,0.0,0.0,0.0,0.1,0.1111111111111111,0.1,0.16666666666666666,0.05,0.05555555555555555,0.0,0.0,0.0,0.0,-1.0,0.0,0.05555555555555555,0.35,0.1111111111111111,0.05,0.2777777777777778,0.0,0.0,0.0,0.13204697925026287,0.0,0.19674864607841255,0.4523621507545113,0.05,0.0,0.3125
156065635.0,0.023934747092062156,0.22524059539345945,0.22524059539345945,0.008051115242194208,17.0,0.0,0.023934747092062156,-1.0,-1.0,1.0,0.0,0.0,0.0,0.0,0.0,1.0,-1.0,0.0,-1.0,0.0,-1.0,1.0,-1.0,0.0,-1.0,0.0,-1.0,0.0,-1.0,0.0,-1.0,0.0,-1.0,0.0,-1.0,0.0,-1.0,0.0,-1.0,0.0,0.0,-1.0,0.0,0.0,0.0,0.0,0.0,0.0,0.0,0.0,0.0,0.0,0.0,0.0,0.9934378972823384,0.0,-1.0,-1.0
156072805.0,0.6714827902883751,0.2726793946295751,0.21834246613333472,-0.23390450721490225,3.16728624535316,0.0,0.0016329756059252516,0.016177142864659672,0.02002593420542749,0.2857142857142857,0.17857142857142858,0.03571428571428571,0.14285714285714285,0.14285714285714285,0.21428571428571427,0.3333333333333333,0.23076923076923078,0.25,0.07692307692307693,0.25,0.15384615384615385,0.0,0.13333333333333333,0.21428571428571427,0.3333333333333333,0.2857142857142857,0.26666666666666666,0.0,0.0,0.0,0.06666666666666667,0.35714285714285715,0.0,0.07142857142857142,0.13333333333333333,0.07142857142857142,0.06666666666666667,0.0,0.0,0.0,0.034482758620689655,-1.0,0.07142857142857142,0.13333333333333333,0.07142857142857142,0.06666666666666667,0.21428571428571427,0.2,0.0,0.0,0.0,0.0,0.0,0.2036204674543447,0.9539881782055794,0.14285714285714285,0.0,0.45454545454545453
156070782.0,0.438297773179935,0.12854281611506083,0.12174426330871077,0.03075499732902807,26.02654867256637,0.0,0.22242383524406395,0.09141259205136847,-1.0,0.2,0.3333333333333333,0.13333333333333333,0.0,0.13333333333333333,0.13333333333333333,0.25,0.14285714285714285,0.25,0.0,0.25,0.0,0.125,0.0,0.125,0.4444444444444444,0.25,0.0,0.25,0.0,0.125,0.0,0.0,0.2222222222222222,0.0,0.1111111111111111,0.125,0.2222222222222222,0.0,0.0,0.0,0.0,-1.0,0.0,0.0,0.0,0.0,0.0,0.0,0.0,0.0,0.0,0.0,0.0,0.0474998691030944,0.9125296819141779,0.0,0.0,0.42857142857142855
156062079.0,0.23809279719992887,0.10897202068871556,0.0826317764951781,-0.01812988418591847,37.36274509803921,0.0,0.00873111698759989,-1.0,-1.0,0.4,0.2,0.0,0.0,0.0,0.0,0.0,-1.0,0.3333333333333333,-1.0,0.0,-1.0,0.0,0.0,0.0,1.0,0.3333333333333333,0.0,0.0,0.0,0.0,0.0,0.0,0.0,0.3333333333333333,0.0,0.3333333333333333,0.0,0.0,0.0,0.0,0.0,-1.0,0.3333333333333333,0.0,0.0,0.0,0.0,1.0,0.0,0.0,0.0,0.0,0.0,0.7637371119362361,0.9356129373590705,0.0,0.0,-1.0
156074370.0,0.38974775371351167,0.32303093777961606,0.22670980969526747,-0.03330174738332032,41.19230769230769,0.2,0.27442397932744117,0.17703349282296657,-1.0,0.6,0.2,0.0,0.0,0.2,0.0,0.0,0.0,0.0,0.0,0.0,0.0,0.0,0.0,0.4,0.0,0.2,0.0,0.0,0.0,0.0,0.0,0.0,0.0,0.4,0.0,0.0,1.0,0.0,0.0,0.0,0.0,-1.0,0.2,0.0,0.0,0.0,0.6,0.0,0.0,0.0,0.0,0.0,0.0,0.7178825048418335,0.9503656915345449,0.0,0.0,1.0
156074373.0,0.3862180395100527,0.19315656217187893,0.1510373508396779,-0.012486238430838126,14.693939393939393,0.0,0.011151419564767798,0.049721461942046484,0.033602607969530594,0.3508771929824561,0.42105263157894735,0.03508771929824561,0.017543859649122806,0.017543859649122806,0.15789473684210525,0.4074074074074074,0.02702702702702703,0.18518518518518517,0.0,0.14814814814814814,0.1891891891891892,0.0,0.0,0.03225806451612903,0.044444444444444446,0.1935483870967742,0.37777777777777777,0.12903225806451613,0.1111111111111111,0.0,0.022222222222222223,0.06451612903225806,0.0,0.3548387096774194,0.24444444444444444,0.22580645161290322,0.2,0.0,0.0,0.0,0.10526315789473684,-1.0,0.12903225806451613,0.044444444444444446,0.03225806451612903,0.1111111111111111,0.22580645161290322,0.13333333333333333,0.0,0.0,0.0,0.018992617801497066,0.0,0.248579850637241,0.7059774301104299,0.0967741935483871,0.0,0.4166666666666667
108052368.0,0.38575834710013057,0.24210548202021456,0.17144216502238213,-0.0029070838377713683,33.693430656934304,0.0,0.015253857458289328,-1.0,-1.0,0.6666666666666666,0.0,0.0,0.0,0.3333333333333333,0.0,0.0,-1.0,0.0,-1.0,0.0,-1.0,0.0,-1.0,0.0,-1.0,0.6666666666666666,-1.0,0.0,-1.0,0.0,-1.0,0.0,-1.0,0.0,-1.0,0.3333333333333333,-1.0,0.0,-1.0,0.0,0.0,-1.0,0.3333333333333333,0.0,0.0,0.0,0.0,0.0,0.0,0.0,0.0,0.0,0.0,0.5403750364058638,0.854506601030857,0.0,-1.0,-1.0
156072870.0,0.5234200578944459,0.38783507189060684,0.30378361184790076,-0.020627939723696764,10.0,0.0,0.3624057569218949,-1.0,-1.0,0.3333333333333333,0.3333333333333333,0.0,0.0,0.0,0.3333333333333333,0.0,0.0,0.0,0.0,0.0,0.0,0.0,0.0,0.0,0.0,0.0,0.5,0.0,0.0,0.0,0.0,0.0,0.0,0.0,0.0,1.0,0.5,0.0,0.0,0.0,0.0,-1.0,0.0,0.0,0.0,0.0,0.0,0.0,0.0,0.0,0.0,0.0,0.0,0.0,0.9843735748467805,0.0,0.0,-1.0
156066736.0,0.5342013683146417,0.2487503203195251,0.17977542128420612,-0.09153843411163848,4.238562091503268,0.09803921568627451,0.0008576742673021525,0.03542450839981963,0.027823591484024867,0.47058823529411764,0.37254901960784315,0.0,0.09803921568627451,0.0,0.058823529411764705,0.19047619047619047,0.25,0.09523809523809523,0.0,0.09523809523809523,0.041666666666666664,0.0,0.0,0.0,0.25,0.3793103448275862,0.3055555555555556,0.10344827586206896,0.08333333333333333,0.0,0.0,0.10344827586206896,0.05555555555555555,0.20689655172413793,0.25,0.20689655172413793,0.05555555555555555,0.0,0.0,0.0,0.03076923076923077,-1.0,0.06896551724137931,0.027777777777777776,0.06896551724137931,0.05555555555555555,0.2413793103448276,0.08333333333333333,0.0,0.0,0.0,0.0,0.0,0.29887477891356135,0.6775170623278679,0.13793103448275862,0.0,0.3870967741935484
156068272.0,0.5606752228156355,0.19924459835876412,0.21742411823425728,-0.024492923959485602,1.5333333333333334,0.0,0.00425045951269812,0.006482725961146363,0.02646869911574842,0.07142857142857142,0.21428571428571427,0.07142857142857142,0.07142857142857142,0.2857142857142857,0.2857142857142857,0.0,0.16666666666666666,0.0,0.16666666666666666,0.25,0.0,0.0,0.0,0.16666666666666666,0.125,0.3333333333333333,0.25,0.0,0.25,0.0,0.0,0.16666666666666666,0.125,0.16666666666666666,0.125,0.16666666666666666,0.125,0.0,0.0,0.0,0.0,-1.0,0.16666666666666666,0.375,0.16666666666666666,0.0,0.3333333333333333,0.25,0.0,0.0,0.0,0.0,0.0,0.46082503121257673,0.2819032061003532,0.0,0.0,0.16666666666666666
156075440.0,0.009846891280091894,0.0,0.5,0.09839514762065094,15.25,-1.0,0.009846891280091894,-1.0,0.006647362457509847,-1.0,-1.0,-1.0,-1.0,-1.0,-1.0,0.0,-1.0,0.0,-1.0,0.0,-1.0,0.0,0.0,0.3333333333333333,0.0,0.0,0.0,0.0,0.0,0.0,0.0,0.0,0.0,0.3333333333333333,0.5,0.3333333333333333,0.5,0.0,0.0,0.0,0.0,-1.0,0.0,0.0,0.0,0.0,0.0,0.0,0.0,0.0,0.0,0.0,0.0,0.0,0.5938341315209716,0.3333333333333333,0.0,0.0
156075955.0,0.16034801282420444,0.366267663954277,0.2380497419610837,0.01209022083702159,3.6782608695652175,0.0,0.4309100415599934,0.035781476626253306,0.023163553516349623,0.29411764705882354,0.5294117647058824,0.058823529411764705,0.0,0.058823529411764705,0.058823529411764705,0.0,0.0,0.0,0.0,0.0,0.0,0.0,0.0,0.0625,0.07142857142857142,0.375,0.42857142857142855,0.0,0.07142857142857142,0.0,0.0,0.125,0.0,0.3125,0.2857142857142857,0.125,0.14285714285714285,0.0,0.0,0.0,0.0,-1.0,0.0,0.0,0.0,0.0,0.0,0.0,0.0,0.0,0.0,0.1064241217931356,0.0,0.8382411297484899,0.9937661316174415,0.1875,0.07142857142857142,0.25
156066228.0,0.26998720842044777,-1.0,0.3830161731427132,-0.6073679545519826,18.0,0.0,0.057881023782222686,0.020549729018074028,0.0,0.5,0.25,0.125,0.125,0.0,0.0,0.0,-1.0,0.0,-1.0,0.0,-1.0,0.0,0.0,0.0,0.3333333333333333,0.3333333333333333,0.6666666666666666,0.0,0.0,0.0,0.0,0.16666666666666666,0.0,0.0,0.0,0.5,0.0,0.0,0.0,0.0,0.0,-1.0,0.0,0.6666666666666666,0.0,0.0,0.5,0.0,0.0,0.0,0.0,0.0,0.0,0.8732826658871675,0.028180890377853936,0.0,0.0,0.3333333333333333
156071878.0,0.576305667831195,0.22883821393022877,0.16191535051322323,-0.028328396252379397,11.295121951219512,0.03225806451612903,0.025036201653320614,0.01851890332744673,0.01065072612246097,0.5483870967741935,0.3225806451612903,0.0,0.03225806451612903,0.03225806451612903,0.06451612903225806,0.45,0.23076923076923078,0.5,0.0,0.25,0.3076923076923077,0.047619047619047616,0.0,0.19047619047619047,0.1875,0.09523809523809523,0.3125,0.0,0.25,0.0,0.0,0.0,0.0625,0.19047619047619047,0.1875,0.47619047619047616,0.0,0.0,0.0,0.0,0.0,0.0,0.047619047619047616,0.0,0.047619047619047616,0.0,0.3333333333333333,0.3125,0.0,0.0,0.0,0.0,0.0,0.14621375666075637,0.979220771309563,0.09523809523809523,0.0625,0.5833333333333334
156073416.0,0.6769755217579813,0.0,0.3159348919045294,0.06615018129572749,29.977049180327867,0.16326530612244897,0.0010007643947698391,0.00624340552152355,0.16871268615309498,0.32653061224489793,0.20408163265306123,0.0,0.0,0.42857142857142855,0.04081632653061224,0.0,-1.0,1.0,-1.0,0.0,-1.0,0.0,0.0,0.225,0.0,0.1,0.0,0.075,0.25,0.0,0.0,0.35,0.16666666666666666,0.2,0.5833333333333334,0.05,0.0,0.0,0.0,0.0,0.0,-1.0,0.15,0.0,0.05,0.0,0.225,0.0,0.0,0.0,0.0,0.0,0.0,0.37944571816998285,0.9425069730812184,0.0,0.0,0.8333333333333334
156066265.0,0.6264654779440768,-1.0,0.43333333333333335,0.15278803915891806,19.36,0.0,0.011789616681125012,-1.0,-1.0,1.0,0.0,0.0,0.0,0.0,0.0,-1.0,-1.0,-1.0,-1.0,-1.0,-1.0,0.3333333333333333,-1.0,0.3333333333333333,-1.0,0.0,-1.0,0.0,-1.0,0.0,-1.0,0.0,-1.0,0.0,-1.0,0.3333333333333333,-1.0,0.0,-1.0,0.0,0.0,0.0,0.0,0.0,0.0,0.0,0.0,0.0,0.0,0.0,0.0,0.0,0.0,0.0,0.4840650009253508,0.0,-1.0,-1.0
156073436.0,0.6922779973538732,0.260351254734058,0.17344528028160058,-0.09056397877205583,11.446808510638299,0.022222222222222223,0.01831532285930095,0.027358727646995647,0.0002777006387115124,0.6888888888888889,0.2222222222222222,0.0,0.044444444444444446,0.022222222222222223,0.022222222222222223,0.043478260869565216,0.0,0.13043478260869565,0.0,0.0,0.0,0.0,0.0,0.125,0.15384615384615385,0.3125,0.3076923076923077,0.09375,0.23076923076923078,0.0,0.0,0.0,0.07692307692307693,0.1875,0.23076923076923078,0.28125,0.0,0.0,0.0,0.0,0.0,-1.0,0.0625,0.07692307692307693,0.125,0.3076923076923077,0.15625,0.07692307692307693,0.0,0.0,0.0,0.11683848797250859,0.0,0.39326972289244716,0.860890350984798,0.34375,0.0,0.36363636363636365
156073443.0,0.6458396978606378,0.3576994687262135,0.301865224636103,-0.009433390031849688,24.681818181818183,0.0,0.04954638557362851,0.04884418438954134,-1.0,0.5384615384615384,0.38461538461538464,0.0,0.0,0.07692307692307693,0.0,0.3333333333333333,0.0,0.0,0.0,0.0,0.0,0.0,0.0,0.625,0.0,0.125,0.0,0.125,0.2,0.0,0.0,0.0,0.6,0.0,0.0,0.125,0.2,0.0,0.0,0.0,0.0,-1.0,0.0,0.0,0.0,0.0,0.0,0.0,0.0,0.0,0.0,0.0,0.0,0.4563289601554908,0.4602771841054638,0.0,0.0,0.6666666666666666
156074468.0,0.3988504303475766,0.07567533159369667,0.049235740719550884,0.08043015701560184,24.89818181818182,0.0,0.01586840021273938,0.04079560625666317,0.04252930288485274,0.32967032967032966,0.12087912087912088,0.08791208791208792,0.03296703296703297,0.23076923076923078,0.18681318681318682,0.020833333333333332,0.16666666666666666,0.1875,0.13333333333333333,0.10416666666666667,0.1,0.0,0.0,0.24615384615384617,0.18421052631578946,0.24615384615384617,0.13157894736842105,0.03076923076923077,0.07894736842105263,0.0,0.0,0.09230769230769231,0.0,0.27692307692307694,0.07894736842105263,0.1076923076923077,0.5263157894736842,0.0,0.0,0.0,0.02912621359223301,-1.0,0.06153846153846154,0.0,0.03076923076923077,0.02631578947368421,0.07692307692307693,0.0,0.0,0.0,0.08944100822621256,0.029924018346227422,0.0,0.3179782272996166,0.8273364303943048,0.0,0.0,0.43333333333333335
156074980.0,0.52460784031626,0.0,0.4714045207910317,0.006255163693827518,8.0,0.0,0.01670302468758767,-1.0,-1.0,0.0,0.6666666666666666,0.0,0.0,0.3333333333333333,0.0,0.0,-1.0,0.0,-1.0,0.0,-1.0,0.0,0.0,0.0,0.0,0.0,0.5,1.0,0.5,0.0,0.0,0.0,0.0,0.0,0.0,0.0,0.0,0.0,0.0,0.0,0.0,-1.0,0.0,0.0,0.0,0.0,0.0,0.0,0.0,0.0,0.0,0.0,0.0,1.0,0.5011516556360315,0.0,0.0,-1.0
156071913.0,0.603546164324495,0.5,0.4121175218443222,0.0038371975145959185,10.0,0.25,0.13723559527219498,-1.0,-1.0,0.25,0.25,0.25,0.0,0.0,0.25,-1.0,0.0,-1.0,0.0,-1.0,0.0,0.0,0.0,0.0,0.0,0.0,0.0,0.0,0.0,0.0,0.0,0.0,0.0,0.5,0.5,0.5,0.5,0.0,0.0,0.0,0.0,-1.0,0.0,0.0,0.5,0.0,0.0,0.0,0.0,0.0,0.0,0.0,0.0,0.429463016745968,0.9341554813317392,0.0,0.0,-1.0
156074473.0,0.010052092677598976,0.0,0.5,0.0006108901655804231,20.037037037037038,0.0,0.010052092677598976,-1.0,0.013908804129624317,0.3333333333333333,0.3333333333333333,0.0,0.3333333333333333,0.0,0.0,0.0,0.0,0.0,0.0,0.0,0.0,0.0,0.0,0.0,0.3333333333333333,0.5,0.0,0.0,0.0,0.0,0.0,0.0,0.0,0.0,0.0,0.5,0.6666666666666666,0.0,0.0,0.0,0.0,-1.0,0.5,0.0,0.0,0.0,0.0,0.0,0.0,0.0,0.0,0.0,0.0,0.38403108991344287,0.5140705823392603,0.0,0.0,0.0
156073963.0,0.8465735902799727,0.0,0.0,-0.027086684850243698,55.0,0.0,0.059201184260145395,-1.0,-1.0,1.0,0.0,0.0,0.0,0.0,0.0,0.0,-1.0,0.0,-1.0,0.0,-1.0,0.0,-1.0,0.0,-1.0,0.0,-1.0,0.0,-1.0,0.0,-1.0,0.0,-1.0,0.0,-1.0,1.0,-1.0,0.0,-1.0,0.0,0.0,-1.0,0.0,0.0,0.0,0.0,1.0,0.0,0.0,0.0,0.0,0.0,0.0,0.0,0.8676624651984678,0.0,-1.0,-1.0
157002220.0,0.5011494068100747,0.2258838492265515,0.19876929271595795,0.02652738495509252,4.5602605863192185,0.12359550561797752,0.12671887150007613,0.03790648954978391,0.01895265555567778,0.38202247191011235,0.39325842696629215,0.02247191011235955,0.0,0.1348314606741573,0.06741573033707865,0.058823529411764705,0.06666666666666667,0.0392156862745098,0.0,0.0,0.06666666666666667,0.0,0.0,0.47540983606557374,0.5208333333333334,0.36065573770491804,0.375,0.04918032786885246,0.020833333333333332,0.01639344262295082,0.0,0.0,0.0,0.08196721311475409,0.08333333333333333,0.01639344262295082,0.0,0.0,0.0,0.0,0.07339449541284404,-1.0,0.01639344262295082,0.0,0.01639344262295082,0.020833333333333332,0.08196721311475409,0.125,0.0,0.0,0.0,0.06842690225135366,0.0,0.38412368196067254,0.9446505678677332,0.13114754098360656,0.020833333333333332,0.7142857142857143
156069875.0,0.3089117531354059,0.23264322120790226,0.16444809276553224,-0.03182493691565916,18.86021505376344,0.03225806451612903,0.001436322348909442,0.03568514815669023,0.0483162313293956,0.3548387096774194,0.3870967741935484,0.0,0.03225806451612903,0.12903225806451613,0.0967741935483871,0.2,0.16666666666666666,0.2,0.0,0.0,0.3333333333333333,0.0,0.0,0.35294117647058826,0.5294117647058824,0.4117647058823529,0.29411764705882354,0.11764705882352941,0.058823529411764705,0.0,0.0,0.0,0.0,0.11764705882352941,0.058823529411764705,0.0,0.058823529411764705,0.0,0.0,0.0,0.0,-1.0,0.17647058823529413,0.11764705882352941,0.058823529411764705,0.058823529411764705,0.23529411764705882,0.29411764705882354,0.0,0.0,0.0,0.0,0.0,0.1298611890873012,0.9829330516837884,0.058823529411764705,0.058823529411764705,0.5
156073975.0,0.6162853657771452,0.39204545454545453,0.25362735030076256,-0.004791501323276738,12.538461538461538,0.16129032258064516,0.33738831099239197,0.03253331646489927,0.026585238847241437,0.5161290322580645,0.25806451612903225,0.03225806451612903,0.06451612903225806,0.0,0.12903225806451613,0.1,0.0,0.6,0.0,0.2,0.2,0.0,0.14285714285714285,0.23529411764705882,0.2857142857142857,0.29411764705882354,0.42857142857142855,0.17647058823529413,0.07142857142857142,0.0,0.0,0.0,0.0,0.29411764705882354,0.07142857142857142,0.0,0.0,0.0,0.0,0.0,0.0,-1.0,0.058823529411764705,0.14285714285714285,0.058823529411764705,0.07142857142857142,0.23529411764705882,0.14285714285714285,0.0,0.0,0.0,0.0,0.0,0.024836693690874028,0.9654743385121244,0.058823529411764705,0.0,0.5454545454545454
