,code,name,area
0,603037,凯众股份,上海
1,000668,荣丰控股,上海
2,600675,中华企业,上海
3,600073,上海梅林,上海
4,600151,航天机电,上海
5,600009,上海机场,上海
6,002825,纳尔股份,上海
7,300336,新文化,上海
8,600605,汇通能源,上海
9,600689,上海三毛,上海
10,601727,上海电气,上海
11,300230,永利股份,上海
12,600638,新黄浦,上海
13,603515,欧普照明,上海
14,002636,金安国纪,上海
15,300627,华测导航,上海
16,002269,美邦服饰,上海
17,600653,申华控股,上海
18,600639,浦东金桥,上海
19,600838,上海九百,上海
20,600081,东风科技,上海
21,300253,卫宁健康,上海
22,600844,*ST丹科,上海
23,600210,紫江企业,上海
24,600635,大众公用,上海
25,603580,艾艾精工,上海
26,300590,移为通信,上海
27,600650,锦江投资,上海
28,300442,普丽盛,上海
29,600958,东方证券,上海
30,600833,第一医药,上海
31,002278,神开股份,上海
32,603006,联明股份,上海
33,600618,氯碱化工,上海
34,600320,振华重工,上海
35,600104,上汽集团,上海
36,600018,上港集团,上海
37,600315,上海家化,上海
38,300225,金力泰,上海
39,600601,方正科技,上海
40,603189,网达软件,上海
41,600679,上海凤凰,上海
42,603020,爱普股份,上海
43,600500,中化国际,上海
44,603690,至纯科技,上海
45,600767,*ST运盛,上海
46,600895,张江高科,上海
47,600846,同济科技,上海
48,600692,亚通股份,上海
49,600602,云赛智联,上海
50,300067,安诺其,上海
51,600665,天地源,上海
52,603157,拉夏贝尔,上海
53,601328,交通银行,上海
54,600119,长江投资,上海
55,601968,宝钢包装,上海
56,002401,中远海科,上海
57,603648,畅联股份,上海
58,600823,世茂股份,上海
59,600278,东方创业,上海
60,600150,中国船舶,上海
61,600652,游久游戏,上海
62,300171,东富龙,上海
63,603499,翔港科技,上海
64,002454,松芝股份,上海
65,300286,安科瑞,上海
66,600640,号百控股,上海
67,603200,上海洗霸,上海
68,600171,上海贝岭,上海
69,300483,沃施股份,上海
70,300272,开能环保,上海
71,603159,上海亚虹,上海
72,300609,汇纳科技,上海
73,603226,菲林格尔,上海
74,601601,中国太保,上海
75,300180,华峰超纤,上海
76,600850,华东电脑,上海
77,600611,大众交通,上海
78,601595,上海电影,上海
79,600822,上海物贸,上海
80,300245,天玑科技,上海
81,600021,上海电力,上海
82,002022,科华生物,上海
83,002252,上海莱士,上海
84,300508,维宏股份,上海
85,600732,ST新梅,上海
86,600696,*ST匹凸,上海
87,600661,新南洋,上海
88,300039,上海凯宝,上海
89,601872,招商轮船,上海
90,600532,宏达矿业,上海
91,603128,华贸物流,上海
92,603987,康德莱,上海
93,600284,浦东建设,上海
94,300327,中颖电子,上海
95,300236,上海新阳,上海
96,603196,日播时尚,上海
97,002178,延华智能,上海
98,600649,城投控股,上海
99,603868,飞科电器,上海
100,300153,科泰电源,上海
101,600826,兰生股份,上海
102,002605,姚记扑克,上海
103,600622,光大嘉宝,上海
104,600741,华域汽车,上海
105,600490,鹏欣资源,上海
106,600834,申通地铁,上海
107,300462,华铭智能,上海
108,600663,陆家嘴,上海
109,603887,城地股份,上海
110,601607,上海医药,上海
111,603131,上海沪工,上海
112,600621,华鑫股份,上海
113,603003,龙宇燃油,上海
114,603991,至正股份,上海
115,002527,新时达,上海
116,600825,新华传媒,上海
117,300501,海顺新材,上海
118,600827,百联股份,上海
119,600597,光明乳业,上海
120,600636,*ST爱富,上海
121,300511,雪榕生物,上海
122,300059,东方财富,上海
123,002116,中国海诚,上海
124,601788,光大证券,上海
125,002162,悦心健康,上海
126,603022,新通联,上海
127,300262,巴安水务,上海
128,600816,安信信托,上海
129,002324,普利特,上海
130,600637,东方明珠,上海
131,600848,上海临港,上海
132,002328,新朋股份,上海
133,600843,上工申贝,上海
134,603918,金桥信息,上海
135,603197,保隆科技,上海
136,002184,海得控制,上海
137,603378,亚士创能,上海
138,603885,吉祥航空,上海
139,600606,绿地控股,上海
140,603012,创力集团,上海
141,603619,中曼石油,上海
142,300129,泰胜风能,上海
143,002346,柘中股份,上海
144,600000,浦发银行,上海
145,600754,锦江股份,上海
146,600845,宝信软件,上海
147,600676,交运股份,上海
148,300061,康旗股份,上海
149,600680,*ST上普,上海
150,002506,协鑫集成,上海
151,600193,创兴资源,上海
152,002158,汉钟精机,上海
153,600026,中远海能,上海
154,603365,水星家纺,上海
155,603899,晨光文具,上海
156,603579,荣泰健康,上海
157,600708,光明地产,上海
158,600655,豫园股份,上海
159,600088,中视传媒,上海
160,600616,金枫酒业,上海
161,603108,润达医疗,上海
162,300330,华虹计通,上海
163,300008,天海防务,上海
164,600619,海立股份,上海
165,002565,顺灏股份,上海
166,600634,富控互动,上海
167,300126,锐奇股份,上海
168,600272,开开实业,上海
169,603030,全筑股份,上海
170,601866,中远海发,上海
171,600820,隧道股份,上海
172,600604,市北高新,上海
173,600170,上海建工,上海
174,300578,会畅通讯,上海
175,000863,三湘印象,上海
176,600530,交大昂立,上海
177,600072,中船科技,上海
178,002195,二三四五,上海
179,600835,上海机电,上海
180,002486,嘉麟杰,上海
181,603886,元祖股份,上海
182,600824,益民集团,上海
183,603659,璞泰来,上海
184,603728,鸣志电器,上海
185,600612,老凤祥,上海
186,300469,信息发展,上海
187,600819,耀皮玻璃,上海
188,300551,古鳌科技,上海
189,600094,大名城,上海
190,603466,风语筑,上海
191,600624,复旦复华,上海
192,601021,春秋航空,上海
193,603718,海利生物,上海
194,603083,剑桥科技,上海
195,600620,天宸股份,上海
196,600628,新世界,上海
197,600851,海欣股份,上海
198,002058,威 尔 泰,上海
199,601616,广电电气,上海
200,603330,上海天洋,上海
201,600097,开创国际,上海
202,600613,神奇制药,上海
203,600642,申能股份,上海
204,600818,中路股份,上海
205,300380,安硕信息,上海
206,600608,*ST沪科,上海
207,300226,上海钢联,上海
208,300170,汉得信息,上海
209,600695,绿庭投资,上海
210,600115,东方航空,上海
211,600061,国投安信,上海
212,002568,百润股份,上海
213,600623,华谊集团,上海
214,600651,飞乐音响,上海
215,300017,网宿科技,上海
216,002706,良信电器,上海
217,600630,龙头股份,上海
218,603232,格尔软件,上海
219,603501,韦尔股份,上海
220,300074,华平股份,上海
221,600662,强生控股,上海
222,600837,海通证券,上海
223,600196,复星医药,上海
224,603729,龙韵股份,上海
225,600648,外高桥,上海
226,300168,万达信息,上海
227,600614,鹏起科技,上海
228,600420,现代制药,上海
229,300398,飞凯材料,上海
230,603683,晶华新材,上海
231,600610,中毅达,上海
232,600882,广泽股份,上海
233,600641,万业企业,上海
234,603960,克来机电,上海
235,300326,凯利泰,上海
236,601229,上海银行,上海
237,603730,岱美股份,上海
238,601231,环旭电子,上海
239,300613,富瀚微,上海
240,600647,同达创业,上海
241,600517,置信电气,上海
242,600050,中国联通,上海
243,600019,宝钢股份,上海
244,603881,数据港,上海
245,300493,润欣科技,上海
246,002451,摩恩电气,上海
247,002669,康达新材,上海
248,601211,国泰君安,上海
249,600629,华建集团,上海
250,600654,*ST中安,上海
251,603633,徕木股份,上海
252,601200,上海环境,上海
253,603777,来伊份,上海
254,600841,上柴股份,上海
255,601519,*ST智慧,上海
256,603039,泛微网络,上海
257,300222,科大智能,上海
258,603009,北特科技,上海
259,600615,丰华股份,上海
260,600626,申达股份,上海
261,002858,力盛赛车,上海
262,600688,上海石化,上海
263,600836,界龙实业,上海
264,603496,恒为科技,上海
265,300642,透景生命,上海
266,603855,华荣股份,上海
267,600643,爱建集团,上海
268,600748,上实发展,上海
269,300378,鼎捷软件,上海
270,002561,徐家汇,上海
271,600508,上海能源,上海
272,600503,华丽家族,上海
273,002028,思源电气,上海
274,002114,罗平锌电,云南
275,600995,文山电力,云南
276,600265,ST景谷,云南
277,600239,云南城投,云南
278,000878,云南铜业,云南
279,000667,美好置业,云南
280,600792,云煤能源,云南
281,600725,ST云维,云南
282,000903,云内动力,云南
283,600883,博闻科技,云南
284,300142,沃森生物,云南
285,002053,云南能投,云南
286,600422,昆药集团,云南
287,002428,云南锗业,云南
288,000538,云南白药,云南
289,600497,驰宏锌锗,云南
290,002033,丽江旅游,云南
291,002727,一心堂,云南
292,000807,云铝股份,云南
293,000948,南天信息,云南
294,603963,大理药业,云南
295,002059,云南旅游,云南
296,002750,龙津药业,云南
297,600096,云天化,云南
298,300505,川金诺,云南
299,601099,太平洋,云南
300,002200,云投生态,云南
301,002812,创新股份,云南
302,000560,昆百大Ａ,云南
303,600459,贵研铂业,云南
304,600025,华能水电,云南
305,000960,锡业股份,云南
306,002265,西仪股份,云南
307,600806,*ST昆机,云南
308,002688,金河生物,内蒙
309,600295,鄂尔多斯,内蒙
310,600201,生物股份,内蒙
311,600277,亿利洁能,内蒙
312,600863,内蒙华电,内蒙
313,600291,西水股份,内蒙
314,600262,北方股份,内蒙
315,300355,蒙草生态,内蒙
316,300239,东宝生物,内蒙
317,600328,兰太实业,内蒙
318,600967,内蒙一机,内蒙
319,600988,赤峰黄金,内蒙
320,600010,包钢股份,内蒙
321,601216,君正集团,内蒙
322,600111,北方稀土,内蒙
323,000611,天首发展,内蒙
324,000975,银泰资源,内蒙
325,000426,兴业矿业,内蒙
326,600191,华资实业,内蒙
327,600091,ST明科,内蒙
328,600887,伊利股份,内蒙
329,002128,露天煤业,内蒙
330,000683,远兴能源,内蒙
331,000780,*ST平能,内蒙
332,300049,福瑞股份,内蒙
333,002829,星网宇达,北京
334,600435,北方导航,北京
335,601600,中国铝业,北京
336,601992,金隅股份,北京
337,002392,北京利尔,北京
338,603588,高能环境,北京
339,601111,中国国航,北京
340,300449,汉邦高科,北京
341,603098,森特股份,北京
342,300315,掌趣科技,北京
343,600100,同方股份,北京
344,000802,北京文化,北京
345,603616,韩建河山,北京
346,002819,东方中科,北京
347,603825,华扬联众,北京
348,600536,中国软件,北京
349,601818,光大银行,北京
350,300661,圣邦股份,北京
351,300608,思特奇,北京
352,600386,北巴传媒,北京
353,601881,中国银河,北京
354,300016,北陆药业,北京
355,600258,首旅酒店,北京
356,603598,引力传媒,北京
357,601991,大唐发电,北京
358,300344,太空板业,北京
359,002658,雪迪龙,北京
360,300213,佳讯飞鸿,北京
361,300318,博晖创新,北京
362,603860,中公高科,北京
363,600016,民生银行,北京
364,002051,中工国际,北京
365,600195,中牧股份,北京
366,600037,歌华有线,北京
367,600361,华联综超,北京
368,601588,北辰实业,北京
369,002148,北纬科技,北京
370,300541,先进数通,北京
371,002573,清新环境,北京
372,600886,国投电力,北京
373,300003,乐普医疗,北京
374,002612,朗姿股份,北京
375,603138,海量数据,北京
376,300271,华宇软件,北京
377,002649,博彦科技,北京
378,603025,大豪科技,北京
379,300332,天壕环境,北京
380,601985,中国核电,北京
381,600962,国投中鲁,北京
382,002368,太极股份,北京
383,300444,双杰电气,北京
384,601558,*ST锐电,北京
385,600062,华润双鹤,北京
386,300353,东土科技,北京
387,000970,中科三环,北京
388,601198,东兴证券,北京
389,600166,福田汽车,北京
390,600977,中国电影,北京
391,300445,康斯特,北京
392,601126,四方股份,北京
393,300204,舒泰神,北京
394,300200,高盟新材,北京
395,601718,际华集团,北京
396,002306,*ST云网,北京
397,601611,中国核建,北京
398,600118,中国卫星,北京
399,600288,大恒科技,北京
400,000996,中国中期,北京
401,601988,中国银行,北京
402,601088,中国神华,北京
403,002279,久其软件,北京
404,600582,天地科技,北京
405,600578,京能电力,北京
406,000666,经纬纺机,北京
407,300071,华谊嘉信,北京
408,300055,万邦达,北京
409,603818,曲美家居,北京
410,600871,石化油服,北京
411,300045,华力创通,北京
412,300036,超图软件,北京
413,603979,金诚信,北京
414,601186,中国铁建,北京
415,300002,神州泰岳,北京
416,601898,中煤能源,北京
417,600723,首商股份,北京
418,600271,航天信息,北京
419,002385,大北农,北京
420,600270,外运发展,北京
421,600058,五矿发展,北京
422,000609,绵石投资,北京
423,300552,万集科技,北京
424,600028,中国石化,北京
425,002665,首航节能,北京
426,601766,中国中车,北京
427,600138,中青旅,北京
428,601998,中信银行,北京
429,300579,数字认证,北京
430,601169,北京银行,北京
431,300191,潜能恒信,北京
432,603803,瑞斯康达,北京
433,603986,兆易创新,北京
434,000959,首钢股份,北京
435,300379,东方通,北京
436,601800,中国交建,北京
437,600085,同仁堂,北京
438,002701,奥瑞金,北京
439,600463,空港股份,北京
440,600859,王府井,北京
441,000065,北方国际,北京
442,601908,京运通,北京
443,300465,高伟达,北京
444,300287,飞利信,北京
445,300070,碧水源,北京
446,601336,新华保险,北京
447,601888,中国国旅,北京
448,600860,*ST京城,北京
449,002707,众信旅游,北京
450,000008,神州高铁,北京
451,300386,飞天诚信,北京
452,600313,农发种业,北京
453,601669,中国电建,北京
454,000603,盛达矿业,北京
455,600008,首创股份,北京
456,300058,蓝色光标,北京
457,002893,华通热力,北京
458,300231,银信科技,北京
459,300011,鼎汉技术,北京
460,601628,中国人寿,北京
461,002371,北方华创,北京
462,300370,安控科技,北京
463,603000,人民网,北京
464,600489,中金黄金,北京
465,002462,嘉事堂,北京
466,002186,全 聚 德,北京
467,002439,启明星辰,北京
468,000046,泛海控股,北京
469,002066,瑞泰科技,北京
470,000402,金 融 街,北京
471,600299,安迪苏,北京
472,000620,新华联,北京
473,601989,中国重工,北京
474,000605,渤海股份,北京
475,300296,利亚德,北京
476,000882,华联股份,北京
477,300374,恒通科技,北京
478,600206,有研新材,北京
479,300663,科蓝软件,北京
480,002780,三夫户外,北京
481,600980,北矿科技,北京
482,002373,千方科技,北京
483,601939,建设银行,北京
484,300302,同有科技,北京
485,300369,绿盟科技,北京
486,300455,康拓红外,北京
487,002554,惠博普,北京
488,002739,万达电影,北京
489,601858,中国科传,北京
490,002738,中矿资源,北京
491,002721,金一文化,北京
492,300477,合纵科技,北京
493,300485,赛升药业,北京
494,300312,邦讯技术,北京
495,603698,航天工程,北京
496,002504,*ST弘高,北京
497,300418,昆仑万维,北京
498,002755,东方新星,北京
499,000758,中色股份,北京
500,600890,中房股份,北京
501,300251,光线传媒,北京
502,600198,大唐电信,北京
503,600511,国药股份,北京
504,300157,恒泰艾普,北京
505,601949,中国出版,北京
506,603888,新华网,北京
507,300399,京天利,北京
508,300667,必创科技,北京
509,000725,京东方Ａ,北京
510,002657,中科金财,北京
511,300117,嘉寓股份,北京
512,000729,燕京啤酒,北京
513,600855,航天长峰,北京
514,002153,石基信息,北京
515,300513,恒泰实达,北京
516,300496,中科创达,北京
517,600055,万东医疗,北京
518,300719,安达维尔,北京
519,603569,长久物流,北京
520,600791,京能置业,北京
521,603970,中农立华,北京
522,603903,中持股份,北京
523,300073,当升科技,北京
524,600376,首开股份,北京
525,300182,捷成股份,北京
526,603859,能科股份,北京
527,000151,中成股份,北京
528,603603,博天环境,北京
529,603533,掌阅科技,北京
530,600372,中航电子,北京
531,300289,利德曼,北京
532,000839,中信国安,北京
533,300542,新晨科技,北京
534,600730,中国高科,北京
535,600266,北京城建,北京
536,002542,中化岩土,北京
537,600429,三元股份,北京
538,601668,中国建筑,北京
539,002362,汉王科技,北京
540,300352,北信源,北京
541,002151,北斗星通,北京
542,300139,晓程科技,北京
543,601117,中国化学,北京
544,600011,华能国际,北京
545,300406,九强生物,北京
546,600588,用友网络,北京
547,300688,创业黑马,北京
548,002410,广联达,北京
549,603060,国检集团,北京
550,300430,诚益通,北京
551,002662,京威股份,北京
552,300010,立思辰,北京
553,300456,耐威科技,北京
554,300079,数码科技,北京
555,002310,东方园林,北京
556,300593,新雷能,北京
557,300005,探路者,北京
558,600743,华远地产,北京
559,000931,中 关 村,北京
560,002405,四维图新,北京
561,002771,真视通,北京
562,600764,中电广通,北京
563,603127,昭衍新药,北京
564,300662,科锐国际,北京
565,600007,中国国贸,北京
566,601398,工商银行,北京
567,601288,农业银行,北京
568,603377,东方时尚,北京
569,600056,中国医药,北京
570,600015,华夏银行,北京
571,002383,合众思壮,北京
572,002038,双鹭药业,北京
573,601857,中国石油,北京
574,300365,恒华科技,北京
575,300038,梅泰诺,北京
576,300291,华录百纳,北京
577,300523,辰安科技,北京
578,600861,北京城乡,北京
579,600560,金自天正,北京
580,601226,华电重工,北京
581,300431,暴风集团,北京
582,601390,中国中铁,北京
583,300072,三聚环保,北京
584,300612,宣亚国际,北京
585,600159,大龙地产,北京
586,600161,天坛生物,北京
587,002271,东方雨虹,北京
588,300229,拓尔思,北京
589,600405,动力源,北京
590,002467,二六三,北京
591,000798,中水渔业,北京
592,300309,吉艾科技,北京
593,300419,浩丰科技,北京
594,300223,北京君正,北京
595,000969,安泰科技,北京
596,600485,信威集团,北京
597,000838,财信发展,北京
598,601886,江河集团,北京
599,002713,东易日盛,北京
600,603123,翠微股份,北京
601,002642,荣之联,北京
602,002878,元隆雅图,北京
603,000916,华北高速,北京
604,601101,昊华能源,北京
605,600246,万通地产,北京
606,002599,盛通股份,北京
607,300392,腾信股份,北京
608,601016,节能风电,北京
609,300472,新元科技,北京
610,300367,东方网力,北京
611,600657,信达地产,北京
612,300212,易华录,北京
613,300324,旋极信息,北京
614,603778,乾景园林,北京
615,300166,东方国信,北京
616,300364,中文在线,北京
617,000860,顺鑫农业,北京
618,300156,神雾环保,北京
619,600900,长江电力,北京
620,600410,华胜天成,北京
621,300384,三联虹普,北京
622,300104,乐视网,北京
623,601618,中国中冶,北京
624,300075,数字政通,北京
625,300282,汇冠股份,北京
626,300048,合康新能,北京
627,300383,光环新网,北京
628,000786,北新建材,北京
629,300065,海兰信,北京
630,000938,紫光股份,北京
631,600240,华业资本,北京
632,600658,电子城,北京
633,002065,东华软件,北京
634,300034,钢研高纳,北京
635,002350,北京科锐,北京
636,300150,世纪瑞尔,北京
637,600365,通葡股份,吉林
638,000420,吉林化纤,吉林
639,600189,吉林森工,吉林
640,000669,金鸿控股,吉林
641,600110,诺德股份,吉林
642,600742,一汽富维,吉林
643,600148,长春一东,吉林
644,600867,通化东宝,吉林
645,000030,富奥股份,吉林
646,000545,金浦钛业,吉林
647,000766,通化金马,吉林
648,000631,顺发恒业,吉林
649,603559,中通国脉,吉林
650,300396,迪瑞医疗,吉林
651,000718,苏宁环球,吉林
652,002501,利源精制,吉林
653,000661,长春高新,吉林
654,002622,融钰集团,吉林
655,002118,紫鑫药业,吉林
656,600360,华微电子,吉林
657,002338,奥普光电,吉林
658,600215,长春经开,吉林
659,002232,启明信息,吉林
660,600333,长春燃气,吉林
661,600856,中天能源,吉林
662,601929,吉视传媒,吉林
663,300510,金冠电气,吉林
664,300597,吉大通信,吉林
665,000875,吉电股份,吉林
666,000928,中钢国际,吉林
667,002566,益盛药业,吉林
668,600881,亚泰集团,吉林
669,000623,吉林敖东,吉林
670,600432,*ST吉恩,吉林
671,000546,金圆股份,吉林
672,600247,ST成城,吉林
673,600697,欧亚集团,吉林
674,000686,东北证券,吉林
675,300108,吉药控股,吉林
676,000800,一汽轿车,吉林
677,601518,吉林高速,吉林
678,603099,长白山,吉林
679,000912,泸天化,四川
680,000858,五 粮 液,四川
681,002651,利君股份,四川
682,002749,国光股份,四川
683,600528,中铁工业,四川
684,300535,达威股份,四川
685,000835,长城动漫,四川
686,002366,台海核电,四川
687,600101,明星电力,四川
688,002480,新筑股份,四川
689,002023,海特高新,四川
690,600505,西昌电力,四川
691,000731,四川美丰,四川
692,000593,大通燃气,四川
693,600678,四川金顶,四川
694,300540,深冷股份,四川
695,600979,广安爱众,四川
696,601811,新华文轩,四川
697,600558,大西洋,四川
698,600880,博瑞传播,四川
699,002630,华西能源,四川
700,300502,新易盛,四川
701,600039,四川路桥,四川
702,300463,迈克生物,四川
703,000598,兴蓉环境,四川
704,000801,四川九洲,四川
705,002539,云图控股,四川
706,002246,北化股份,四川
707,002798,帝王洁具,四川
708,300127,银河磁体,四川
709,002628,成都路桥,四川
710,300470,日机密封,四川
711,600139,西部资源,四川
712,002386,天原集团,四川
713,002466,天齐锂业,四川
714,002190,成飞集成,四川
715,600839,四川长虹,四川
716,603027,千禾味业,四川
717,600875,东方电气,四川
718,300028,金亚科技,四川
719,000888,峨眉山Ａ,四川
720,600137,浪莎股份,四川
721,600109,国金证券,四川
722,600321,正源股份,四川
723,601107,四川成渝,四川
724,000568,泸州老窖,四川
725,300092,科新机电,四川
726,002773,康弘药业,四川
727,002497,雅化集团,四川
728,002272,川润股份,四川
729,600804,鹏博士,四川
730,000586,汇源通信,四川
731,002268,卫 士 通,四川
732,000803,*ST金宇,四川
733,603809,豪能股份,四川
734,300101,振芯科技,四川
735,600674,川投能源,四川
736,000790,泰合健康,四川
737,002143,印纪传媒,四川
738,300434,金石东方,四川
739,000155,*ST川化,四川
740,300362,天翔环境,四川
741,000629,*ST钒钛,四川
742,600733,S*ST前锋,四川
743,601208,东材科技,四川
744,300019,硅宝科技,四川
745,600131,岷江水电,四川
746,000710,贝瑞基因,四川
747,300559,佳发安泰,四川
748,300492,山鼎设计,四川
749,000510,金路集团,四川
750,300696,爱乐达,四川
751,000810,创维数字,四川
752,000757,浩物股份,四川
753,002422,科伦药业,四川
754,002259,升达林业,四川
755,600391,航发科技,四川
756,300249,依米康,四川
757,300414,中光防雷,四川
758,600331,宏达股份,四川
759,000693,*ST华泽,四川
760,300471,厚普股份,四川
761,600793,宜宾纸业,四川
762,600378,天科股份,四川
763,600466,蓝光发展,四川
764,002818,富森美,四川
765,300425,环能科技,四川
766,002357,富临运业,四川
767,600093,易见股份,四川
768,600779,水井坊,四川
769,600438,通威股份,四川
770,300366,创意信息,四川
771,002697,红旗连锁,四川
772,002253,川大智胜,四川
773,300547,川环科技,四川
774,300440,运达科技,四川
775,600644,乐山电力,四川
776,600828,茂业商业,四川
777,000628,高新发展,四川
778,603333,明星电缆,四川
779,300022,吉峰农机,四川
780,300467,迅游科技,四川
781,000876,新 希 望,四川
782,000935,四川双马,四川
783,002777,久远银海,四川
784,600353,旭光股份,四川
785,002312,*ST三泰,四川
786,002258,利尔化学,四川
787,603077,和邦生物,四川
788,300432,富临精工,四川
789,300678,中科信息,四川
790,600702,沱牌舍得,四川
791,603679,华体科技,四川
792,000509,华塑控股,四川
793,002887,绿茵生态,天津
794,002134,*ST普林,天津
795,600800,天津磁卡,天津
796,600787,中储股份,天津
797,300596,利安隆,天津
798,600717,天津港,天津
799,601808,中海油服,天津
800,300119,瑞普生物,天津
801,600751,天海投资,天津
802,600225,*ST松江,天津
803,000927,一汽夏利,天津
804,600583,海油工程,天津
805,603969,银龙股份,天津
806,000897,津滨发展,天津
807,002432,九安医疗,天津
808,000836,鑫茂科技,天津
809,300120,经纬电材,天津
810,600535,天士力,天津
811,002129,中环股份,天津
812,603096,新经典,天津
813,603126,中材节能,天津
814,300334,津膜科技,天津
815,000695,滨海能源,天津
816,300195,长荣股份,天津
817,600082,海泰发展,天津
818,000652,泰达股份,天津
819,600874,创业环保,天津
820,601919,中远海控,天津
821,300026,红日药业,天津
822,603727,博迈科,天津
823,600488,天药股份,天津
824,000965,天保基建,天津
825,603019,中科曙光,天津
826,000537,广宇发展,天津
827,600645,中源协和,天津
828,600468,百利电气,天津
829,300375,鹏翎股份,天津
830,002393,力生制药,天津
831,603106,恒银金融,天津
832,600329,中新药业,天津
833,002821,凯莱英,天津
834,002337,赛象科技,天津
835,600335,国机汽车,天津
836,600322,天房发展,天津
837,600158,中体产业,天津
838,002820,桂发祥,天津
839,300407,凯发电气,天津
840,600821,津劝业,天津
841,002510,天汽模,天津
842,000962,东方钽业,宁夏
843,000862,银星能源,宁夏
844,600146,商赢环球,宁夏
845,600785,新华百货,宁夏
846,002457,青龙管业,宁夏
847,000815,美利云,宁夏
848,600449,宁夏建材,宁夏
849,000982,*ST 中绒,宁夏
850,601619,嘉泽新能,宁夏
851,600165,新日恒力,宁夏
852,000557,西部创业,宁夏
853,000595,*ST宝实,宁夏
854,000635,英 力 特,宁夏
855,603599,广信股份,安徽
856,600199,金种子酒,安徽
857,600761,安徽合力,安徽
858,603589,口子窖,安徽
859,002571,*ST德力,安徽
860,603198,迎驾贡酒,安徽
861,300218,安利股份,安徽
862,000887,中鼎股份,安徽
863,600585,海螺水泥,安徽
864,002361,神剑股份,安徽
865,600985,雷鸣科化,安徽
866,002760,凤形股份,安徽
867,300595,欧普康视,安徽
868,002208,合肥城建,安徽
869,600375,华菱星马,安徽
870,600012,皖通高速,安徽
871,603308,应流股份,安徽
872,600496,精工钢构,安徽
873,002557,洽洽食品,安徽
874,603031,安德利,安徽
875,002607,亚夏汽车,安徽
876,002042,华孚时尚,安徽
877,603801,志邦股份,安徽
878,002538,司尔特,安徽
879,000543,皖能电力,安徽
880,600552,凯盛科技,安徽
881,600971,恒源煤电,安徽
882,300087,荃银高科,安徽
883,600470,六国化工,安徽
884,000521,美菱电器,安徽
885,002817,黄山胶囊,安徽
886,300090,盛运环保,安徽
887,000728,国元证券,安徽
888,603011,合锻智能,安徽
889,002556,辉隆股份,安徽
890,002347,泰尔股份,安徽
891,000979,中弘股份,安徽
892,600990,四创电子,安徽
893,000630,铜陵有色,安徽
894,600909,华安证券,安徽
895,603527,众源新材,安徽
896,600054,黄山旅游,安徽
897,000850,华茂股份,安徽
898,600255,梦舟股份,安徽
899,002690,美亚光电,安徽
900,300009,安科生物,安徽
901,000596,古井贡酒,安徽
902,002743,富煌钢构,安徽
903,002014,永新股份,安徽
904,603656,泰禾光电,安徽
905,600577,精达股份,安徽
906,300520,科大国创,安徽
907,600237,铜峰电子,安徽
908,600318,新力金融,安徽
909,600218,全柴动力,安徽
910,002136,安 纳 达,安徽
911,300577,开润股份,安徽
912,600520,中发科技,安徽
913,600418,江淮汽车,安徽
914,000153,丰原药业,安徽
915,300475,聚隆科技,安徽
916,300088,长信科技,安徽
917,603357,设计总院,安徽
918,000980,众泰汽车,安徽
919,000619,海螺型材,安徽
920,600567,山鹰纸业,安徽
921,600983,惠而浦,安徽
922,002140,东华科技,安徽
923,300692,中环环保,安徽
924,002226,江南化工,安徽
925,002057,中钢天源,安徽
926,002171,楚江新材,安徽
927,002298,中电鑫龙,安徽
928,601801,皖新传媒,安徽
929,002597,金禾实业,安徽
930,600444,国机通用,安徽
931,002541,鸿路钢构,安徽
932,000417,合肥百货,安徽
933,000930,中粮生化,安徽
934,000713,丰乐种业,安徽
935,002352,顺丰控股,安徽
936,000859,国风塑业,安徽
937,002555,三七互娱,安徽
938,600808,马钢股份,安徽
939,002331,皖通科技,安徽
940,601918,新集能源,安徽
941,300274,阳光电源,安徽
942,002230,科大讯飞,安徽
943,000868,安凯客车,安徽
944,002018,华信国际,安徽
945,300452,山河药辅,安徽
946,600551,时代出版,安徽
947,603199,九华旅游,安徽
948,600063,皖维高新,安徽
949,600502,安徽水利,安徽
950,603429,集友股份,安徽
951,600575,皖江物流,安徽
952,300388,国祯环保,安徽
953,603689,皖天然气,安徽
954,603768,常青股份,安徽
955,002147,新光圆成,安徽
956,300247,乐金健康,安徽
957,002537,海联金汇,山东
958,600600,青岛啤酒,山东
959,002521,齐峰新材,山东
960,300185,通裕重工,山东
961,002379,宏创控股,山东
962,002604,龙力生物,山东
963,300308,中际旭创,山东
964,000617,中油资本,山东
965,000488,晨鸣纸业,山东
966,002643,万润股份,山东
967,600529,山东药玻,山东
968,000680,山推股份,山东
969,002675,东诚药业,山东
970,300175,朗源股份,山东
971,002598,山东章鼓,山东
972,300653,正海生物,山东
973,002768,国恩股份,山东
974,603612,索通发展,山东
975,600547,山东黄金,山东
976,600223,鲁商置业,山东
977,603779,威龙股份,山东
978,000677,恒天海龙,山东
979,300214,日科化学,山东
980,300690,双一科技,山东
981,000506,中润资源,山东
982,300699,光威复材,山东
983,002353,杰瑞股份,山东
984,300110,华仁药业,山东
985,000407,胜利股份,山东
986,300321,同大股份,山东
987,002726,龙大肉食,山东
988,601678,滨化股份,山东
989,600727,鲁北化工,山东
990,002237,恒邦股份,山东
991,600766,园城黄金,山东
992,002193,如意集团,山东
993,600783,鲁信创投,山东
994,600180,瑞茂通,山东
995,002026,山东威达,山东
996,603278,大业股份,山东
997,002242,九阳股份,山东
998,601019,山东出版,山东
999,601058,赛轮金宇,山东
1000,603536,惠发股份,山东
1001,603856,东宏股份,山东
1002,603858,步长制药,山东
1003,600807,天业股份,山东
1004,002589,瑞康医药,山东
1005,000811,冰轮环境,山东
1006,300343,联创互联,山东
1007,002248,*ST东数,山东
1008,002382,蓝帆医疗,山东
1009,601966,玲珑轮胎,山东
1010,600735,新华锦,山东
1011,000756,新华制药,山东
1012,002339,积成电子,山东
1013,000915,山大华特,山东
1014,002355,兴民智通,山东
1015,300183,东软载波,山东
1016,000977,浪潮信息,山东
1017,000338,潍柴动力,山东
1018,002330,得利斯,山东
1019,002286,保龄宝,山东
1020,002899,英派斯,山东
1021,600076,康欣新材,山东
1022,002470,金正大,山东
1023,300677,英科医疗,山东
1024,002107,沃华医药,山东
1025,600350,山东高速,山东
1026,000498,山东路桥,山东
1027,600448,华纺股份,山东
1028,603367,辰欣药业,山东
1029,601366,利群股份,山东
1030,300583,赛托生物,山东
1031,002810,山东赫达,山东
1032,600229,城市传媒,山东
1033,600586,金晶科技,山东
1034,002094,青岛金王,山东
1035,002086,东方海洋,山东
1036,300659,中孚信息,山东
1037,000880,潍柴重机,山东
1038,300391,康跃科技,山东
1039,300237,美晨科技,山东
1040,600188,兖州煤业,山东
1041,002476,宝莫股份,山东
1042,000726,鲁 泰Ａ,山东
1043,603798,康普顿,山东
1044,603708,家家悦,山东
1045,002671,龙泉股份,山东
1046,300423,鲁亿通,山东
1047,000951,中国重汽,山东
1048,600898,国美通讯,山东
1049,002890,弘宇股份,山东
1050,002270,华明装备,山东
1051,002588,史丹利,山东
1052,600308,华泰股份,山东
1053,002408,齐翔腾达,山东
1054,300233,金城医药,山东
1055,002805,丰元股份,山东
1056,002458,益生股份,山东
1057,002498,汉缆股份,山东
1058,603638,艾迪精密,山东
1059,002581,未名医药,山东
1060,600690,青岛海尔,山东
1061,601163,三角轮胎,山东
1062,300121,阳谷华泰,山东
1063,600212,江泉实业,山东
1064,000720,新能泰山,山东
1065,600309,万华化学,山东
1066,600467,好当家,山东
1067,002078,太阳纸业,山东
1068,002083,孚日股份,山东
1069,600336,澳柯玛,山东
1070,002234,民和股份,山东
1071,002088,鲁阳节能,山东
1072,002374,丽鹏股份,山东
1073,600784,鲁银投资,山东
1074,300654,世纪天鸿,山东
1075,600022,山东钢铁,山东
1076,300224,正海磁材,山东
1077,002838,道恩股份,山东
1078,000957,中通客车,山东
1079,002376,新北洋,山东
1080,002481,双塔食品,山东
1081,300479,神思电子,山东
1082,000682,东方电子,山东
1083,300569,天能重工,山东
1084,600017,日照港,山东
1085,000830,鲁西化工,山东
1086,603029,天鹅股份,山东
1087,002485,希努尔,山东
1088,002363,隆基机械,山东
1089,002117,东港股份,山东
1090,600789,鲁抗医药,山东
1091,002580,圣阳股份,山东
1092,600385,山东金泰,山东
1093,603223,恒通股份,山东
1094,000409,山东地矿,山东
1095,603113,金能科技,山东
1096,603026,石大胜华,山东
1097,600060,海信电器,山东
1098,600986,科达股份,山东
1099,300208,恒顺众昇,山东
1100,000599,青岛双星,山东
1101,603021,山东华鹏,山东
1102,000655,金岭矿业,山东
1103,603086,先达股份,山东
1104,000869,张 裕Ａ,山东
1105,002359,北讯集团,山东
1106,002891,中宠股份,山东
1107,002526,山东矿机,山东
1108,002072,凯瑞德,山东
1109,600219,南山铝业,山东
1110,002111,威海广泰,山东
1111,300001,特锐德,山东
1112,002490,*ST墨龙,山东
1113,002871,伟隆股份,山东
1114,002746,仙坛股份,山东
1115,300243,瑞丰高材,山东
1116,002241,歌尔股份,山东
1117,600319,亚星化学,山东
1118,002595,豪迈科技,山东
1119,000822,山东海化,山东
1120,600966,博汇纸业,山东
1121,002469,三维工程,山东
1122,600777,新潮能源,山东
1123,002655,共达电声,山东
1124,603586,金麒麟,山东
1125,000639,西王食品,山东
1126,002073,软控股份,山东
1127,600756,浪潮软件,山东
1128,300105,龙源技术,山东
1129,600858,银座股份,山东
1130,603421,鼎信通讯,山东
1131,002283,天润曲轴,山东
1132,600027,华电国际,山东
1133,000554,泰山石油,山东
1134,000423,东阿阿胶,山东
1135,600760,中航黑豹,山东
1136,002217,合力泰,山东
1137,603639,海利尔,山东
1138,002041,登海种业,山东
1139,600960,渤海活塞,山东
1140,002254,泰和新材,山东
1141,600426,华鲁恒升,山东
1142,600587,新华医疗,山东
1143,002545,东方铁塔,山东
1144,300443,金雷风电,山东
1145,300099,精准信息,山东
1146,603577,汇金通,山东
1147,300285,国瓷材料,山东
1148,600579,天华院,山东
1149,603167,渤海轮渡,山东
1150,000416,民生控股,山东
1151,600169,太原重工,山西
1152,300486,东杰智能,山西
1153,000983,西山煤电,山西
1154,000795,英洛华,山西
1155,000755,*ST三维,山西
1156,600351,亚宝药业,山西
1157,600495,晋西车轴,山西
1158,000723,美锦能源,山西
1159,002360,同德化工,山西
1160,000831,五矿稀土,山西
1161,601006,大秦铁路,山西
1162,002753,永东股份,山西
1163,600546,山煤国际,山西
1164,000673,当代东方,山西
1165,000403,ST生化,山西
1166,600617,国新能源,山西
1167,600392,盛和资源,山西
1168,601699,潞安环能,山西
1169,600281,太化股份,山西
1170,300254,仟源医药,山西
1171,600157,永泰能源,山西
1172,600780,通宝能源,山西
1173,002640,跨境通,山西
1174,000737,南风化工,山西
1175,000825,太钢不锈,山西
1176,600408,安泰集团,山西
1177,600740,山西焦化,山西
1178,600539,狮头股份,山西
1179,002500,山西证券,山西
1180,600123,兰花科创,山西
1181,300158,振东制药,山西
1182,000767,漳泽电力,山西
1183,600809,山西汾酒,山西
1184,600234,ST山水,山西
1185,600348,阳泉煤业,山西
1186,600691,阳煤化工,山西
1187,601001,大同煤业,山西
1188,000968,蓝焰控股,山西
1189,300143,星普医科,广东
1190,002512,达华智能,广东
1191,000573,粤宏远Ａ,广东
1192,002705,新宝股份,广东
1193,300607,拓斯达,广东
1194,300155,安居宝,广东
1195,601515,东风股份,广东
1196,002656,摩登大道,广东
1197,600029,南方航空,广东
1198,300687,赛意信息,广东
1199,600868,梅雁吉祥,广东
1200,300482,万孚生物,广东
1201,300460,惠伦晶体,广东
1202,000541,佛山照明,广东
1203,000576,广东甘化,广东
1204,603038,华立股份,广东
1205,000828,东莞控股,广东
1206,002319,乐通股份,广东
1207,002842,翔鹭钨业,广东
1208,300410,正业科技,广东
1209,300591,万里马,广东
1210,300503,昊志机电,广东
1211,002005,德豪润达,广东
1212,300606,金太阳,广东
1213,000502,绿景控股,广东
1214,600894,广日股份,广东
1215,000690,宝新能源,广东
1216,000601,韶能股份,广东
1217,002317,众生药业,广东
1218,600083,博信股份,广东
1219,300281,金明精机,广东
1220,002870,香山股份,广东
1221,300173,智慧松德,广东
1222,002420,毅昌股份,广东
1223,603335,迪生力,广东
1224,300561,汇金科技,广东
1225,603630,拉芳家化,广东
1226,300464,星徽精密,广东
1227,002461,珠江啤酒,广东
1228,300599,雄塑科技,广东
1229,002745,木林森,广东
1230,300176,鸿特精密,广东
1231,002841,视源股份,广东
1232,002575,群兴玩具,广东
1233,600242,中昌数据,广东
1234,000782,美达股份,广东
1235,000524,岭南控股,广东
1236,002495,佳隆股份,广东
1237,002846,英联股份,广东
1238,002600,江粉磁材,广东
1239,000523,广州浪奇,广东
1240,603813,原尚股份,广东
1241,600332,白云山,广东
1242,300273,和佳股份,广东
1243,002209,达 意 隆,广东
1244,002465,海格通信,广东
1245,002400,省广股份,广东
1246,002433,太安堂,广东
1247,002616,长青集团,广东
1248,002141,贤丰控股,广东
1249,002638,勤上股份,广东
1250,300149,量子高科,广东
1251,002666,德联集团,广东
1252,002668,奥马电器,广东
1253,002776,柏堡龙,广东
1254,000976,华铁股份,广东
1255,300050,世纪鼎利,广东
1256,300376,易事特,广东
1257,002791,坚朗五金,广东
1258,002762,金发拉比,广东
1259,002425,凯撒文化,广东
1260,603833,欧派家居,广东
1261,300219,鸿利智汇,广东
1262,002676,顺威股份,广东
1263,300723,一品红,广东
1264,002291,星期六,广东
1265,300498,温氏股份,广东
1266,000333,美的集团,广东
1267,002544,杰赛科技,广东
1268,600673,东阳光科,广东
1269,600872,中炬高新,广东
1270,300177,中海达,广东
1271,300403,地尔汉宇,广东
1272,002152,广电运通,广东
1273,300238,冠昊生物,广东
1274,002503,搜于特,广东
1275,002027,分众传媒,广东
1276,300408,三环集团,广东
1277,600978,宜华生活,广东
1278,002732,燕塘乳业,广东
1279,002757,南兴装备,广东
1280,600393,粤泰股份,广东
1281,002295,精艺股份,广东
1282,002543,万和电气,广东
1283,603386,广东骏亚,广东
1284,002031,巨轮智能,广东
1285,002511,中顺洁柔,广东
1286,300098,高新兴,广东
1287,600685,中船防务,广东
1288,300616,尚品宅配,广东
1289,300089,文化长城,广东
1290,603398,邦宝益智,广东
1291,002288,超华科技,广东
1292,603043,广州酒家,广东
1293,600866,星湖科技,广东
1294,300499,高澜股份,广东
1295,600382,广东明珠,广东
1296,002198,嘉应制药,广东
1297,002187,广百股份,广东
1298,002169,智光电气,广东
1299,002441,众业达,广东
1300,002855,捷荣技术,广东
1301,603936,博敏电子,广东
1302,600589,广东榕泰,广东
1303,300246,宝莱特,广东
1304,002711,欧浦智网,广东
1305,000659,*ST中富,广东
1306,002167,东方锆业,广东
1307,603608,天创时尚,广东
1308,000987,越秀金控,广东
1309,002177,御银股份,广东
1310,000651,格力电器,广东
1311,300417,南华仪器,广东
1312,300635,达安股份,广东
1313,002709,天赐材料,广东
1314,300586,美联新材,广东
1315,002181,粤 传 媒,广东
1316,300691,联合光电,广东
1317,300438,鹏辉能源,广东
1318,600499,科达洁能,广东
1319,002449,国星光电,广东
1320,000636,风华高科,广东
1321,002579,中京电子,广东
1322,000893,东凌国际,广东
1323,002832,比音勒芬,广东
1324,300322,硕贝德,广东
1325,002084,海鸥卫浴,广东
1326,002308,威创股份,广东
1327,300053,欧比特,广东
1328,300328,宜安科技,广东
1329,300004,南风股份,广东
1330,300716,国立科技,广东
1331,002806,华锋股份,广东
1332,000529,广弘控股,广东
1333,002311,海大集团,广东
1334,600428,中远海特,广东
1335,002260,德奥通航,广东
1336,000685,中山公用,广东
1337,002035,华帝股份,广东
1338,000150,宜华健康,广东
1339,002345,潮宏基,广东
1340,002759,天际股份,广东
1341,002584,西陇科学,广东
1342,002572,索菲亚,广东
1343,600143,金发科技,广东
1344,300063,天龙集团,广东
1345,300620,光库科技,广东
1346,600325,华发股份,广东
1347,300311,任子行,广东
1348,002492,恒基达鑫,广东
1349,002063,远光软件,广东
1350,300359,全通教育,广东
1351,603838,四通股份,广东
1352,300639,凯普生物,广东
1353,600728,佳都科技,广东
1354,002678,珠江钢琴,广东
1355,603725,天安新材,广东
1356,300057,万顺股份,广东
1357,300448,浩云科技,广东
1358,002670,国盛金控,广东
1359,300147,香雪制药,广东
1360,002905,金逸影视,广东
1361,603898,好莱客,广东
1362,002240,威华股份,广东
1363,002101,广东鸿图,广东
1364,002663,普邦股份,广东
1365,002774,快意电梯,广东
1366,000717,韶钢松山,广东
1367,600684,珠江实业,广东
1368,300381,溢多利,广东
1369,002611,东方精工,广东
1370,000507,珠海港,广东
1371,300242,明家联合,广东
1372,000531,穗恒运Ａ,广东
1373,002684,猛狮科技,广东
1374,300681,英搏尔,广东
1375,601228,广州港,广东
1376,300297,蓝盾股份,广东
1377,603002,宏昌电子,广东
1378,002809,红墙股份,广东
1379,002862,实丰文化,广东
1380,300409,道氏技术,广东
1381,000534,万泽股份,广东
1382,002180,纳思达,广东
1383,002387,黑牛食品,广东
1384,300146,汤臣倍健,广东
1385,002076,雪 莱 特,广东
1386,603861,白云电器,广东
1387,000513,丽珠集团,广东
1388,300340,科恒股份,广东
1389,601900,南方传媒,广东
1390,002792,通宇通讯,广东
1391,603920,世运电路,广东
1392,002723,金莱特,广东
1393,002715,登云股份,广东
1394,300335,迪森股份,广东
1395,002911,佛燃股份,广东
1396,600098,广州发展,广东
1397,000100,TCL 集团,广东
1398,002054,德美化工,广东
1399,603882,金域医学,广东
1400,300093,金刚玻璃,广东
1401,002017,东信和平,广东
1402,000973,佛塑科技,广东
1403,002824,和胜股份,广东
1404,603336,宏辉果蔬,广东
1405,300404,博济医药,广东
1406,603797,联泰环保,广东
1407,000637,茂化实华,广东
1408,300562,乐心医疗,广东
1409,002045,国光电器,广东
1410,002833,弘亚数控,广东
1411,300629,新劲刚,广东
1412,600048,保利地产,广东
1413,002717,岭南园林,广东
1414,002502,骅威文化,广东
1415,300094,国联水产,广东
1416,300625,三雄极光,广东
1417,603288,海天味业,广东
1418,002906,华阳集团,广东
1419,300221,银禧科技,广东
1420,000776,广发证券,广东
1421,002902,铭普光磁,广东
1422,600518,康美药业,广东
1423,603322,超讯通信,广东
1424,300619,金银河,广东
1425,000429,粤高速Ａ,广东
1426,300083,劲胜智能,广东
1427,300476,胜宏科技,广东
1428,603328,依顿电子,广东
1429,300310,宜通世纪,广东
1430,002683,宏大爆破,广东
1431,002060,粤 水 电,广东
1432,600183,生益科技,广东
1433,002909,集泰股份,广东
1434,002898,赛隆药业,广东
1435,300424,航新科技,广东
1436,300711,广哈通信,广东
1437,002016,世荣兆业,广东
1438,300014,亿纬锂能,广东
1439,600433,冠豪高新,广东
1440,000921,海信科龙,广东
1441,002212,南洋股份,广东
1442,002888,惠威科技,广东
1443,300458,全志科技,广东
1444,002431,棕榈股份,广东
1445,603535,嘉诚国际,广东
1446,300030,阳普医疗,广东
1447,002908,德生科技,广东
1448,300526,中潜股份,广东
1449,002249,大洋电机,广东
1450,300529,健帆生物,广东
1451,002233,塔牌集团,广东
1452,002292,奥飞娱乐,广东
1453,300589,江龙船艇,广东
1454,002728,特一药业,广东
1455,300530,达志科技,广东
1456,603268,松发股份,广东
1457,300415,伊之密,广东
1458,601238,广汽集团,广东
1459,000532,华金资本,广东
1460,000861,海印股份,广东
1461,002672,东江环保,广东
1462,603233,大参林,广东
1463,000712,锦龙股份,广东
1464,603309,维力医疗,广东
1465,002741,光华科技,广东
1466,002030,达安基因,广东
1467,600185,格力地产,广东
1468,300043,星辉娱乐,广东
1469,300720,海川智能,广东
1470,000823,超声电子,广东
1471,002836,新宏泽,广东
1472,000539,粤电力Ａ,广东
1473,002192,融捷股份,广东
1474,300521,爱司凯,广东
1475,000533,万 家 乐,广东
1476,002348,高乐股份,广东
1477,002884,凌霄泵业,广东
1478,002446,盛路通信,广东
1479,600004,白云机场,广东
1480,002853,皮阿诺,广东
1481,600323,瀚蓝环境,广东
1482,600236,桂冠电力,广西
1483,600249,两面针,广西
1484,002329,皇氏集团,广西
1485,300422,博世科,广西
1486,002175,东方网络,广西
1487,600538,国发股份,广西
1488,000662,天夏智慧,广西
1489,600301,ST南化,广西
1490,000806,银河生物,广西
1491,603368,柳州医药,广西
1492,000582,北部湾港,广西
1493,000953,*ST河化,广西
1494,601368,绿城水务,广西
1495,002275,桂林三金,广西
1496,600423,*ST柳化,广西
1497,000833,贵糖股份,广西
1498,603166,福达股份,广西
1499,600252,中恒集团,广西
1500,000528,柳 工,广西
1501,600936,广西广电,广西
1502,000978,桂林旅游,广西
1503,600368,五洲交通,广西
1504,603869,北部湾旅,广西
1505,000911,南宁糖业,广西
1506,000716,黑芝麻,广西
1507,002166,莱茵生物,广西
1508,000703,恒逸石化,广西
1509,601003,柳钢股份,广西
1510,000608,阳光股份,广西
1511,000750,国海证券,广西
1512,601996,丰林集团,广西
1513,002696,百洋股份,广西
1514,002592,八菱科技,广西
1515,600310,桂东电力,广西
1516,600712,南宁百货,广西
1517,600556,ST慧球,广西
1518,600337,美克家居,新疆
1519,002800,天顺股份,新疆
1520,600737,中粮糖业,新疆
1521,002307,北新路桥,新疆
1522,300106,西部牧业,新疆
1523,000415,渤海金控,新疆
1524,000166,申万宏源,新疆
1525,600339,中油工程,新疆
1526,600425,*ST青松,新疆
1527,603032,德新交运,新疆
1528,600197,伊力特,新疆
1529,002092,中泰化学,新疆
1530,600888,新疆众和,新疆
1531,600256,广汇能源,新疆
1532,000159,国际实业,新疆
1533,603227,雪峰科技,新疆
1534,000813,德展健康,新疆
1535,600581,八一钢铁,新疆
1536,600778,友好集团,新疆
1537,600090,同济堂,新疆
1538,002100,天康生物,新疆
1539,000877,天山股份,新疆
1540,600419,天润乳业,新疆
1541,600075,新疆天业,新疆
1542,300159,新研股份,新疆
1543,002719,麦趣尔,新疆
1544,603101,汇嘉时代,新疆
1545,600509,天富能源,新疆
1546,600084,中葡股份,新疆
1547,600540,*ST新赛,新疆
1548,000972,*ST中基,新疆
1549,002700,新疆浩源,新疆
1550,002207,*ST准油,新疆
1551,000633,合金投资,新疆
1552,002302,西部建设,新疆
1553,002524,光正集团,新疆
1554,600545,新疆城建,新疆
1555,600359,新农开发,新疆
1556,603393,新天然气,新疆
1557,600145,*ST新亿,新疆
1558,601069,西部黄金,新疆
1559,600251,冠农股份,新疆
1560,600721,百花村,新疆
1561,300313,天山生物,新疆
1562,002828,贝肯能源,新疆
1563,002205,国统股份,新疆
1564,300588,熙菱信息,新疆
1565,300603,立昂技术,新疆
1566,600506,香梨股份,新疆
1567,002202,金风科技,新疆
1568,600089,特变电工,新疆
1569,002519,银河电子,江苏
1570,600501,航天晨光,江苏
1571,000584,哈工智能,江苏
1572,002391,长青股份,江苏
1573,603355,莱克电气,江苏
1574,300385,雪浪环境,江苏
1575,002127,南极电商,江苏
1576,603359,东珠景观,江苏
1577,002553,南方轴承,江苏
1578,000890,法 尔 胜,江苏
1579,603707,健友股份,江苏
1580,002024,苏宁云商,江苏
1581,300549,优德精密,江苏
1582,300356,光一科技,江苏
1583,603042,华脉科技,江苏
1584,300192,科斯伍德,江苏
1585,002530,金财互联,江苏
1586,603090,宏盛股份,江苏
1587,300320,海达股份,江苏
1588,002550,千红制药,江苏
1589,002883,中设股份,江苏
1590,600736,苏州高新,江苏
1591,002659,中泰桥梁,江苏
1592,603133,碳元科技,江苏
1593,600305,恒顺醋业,江苏
1594,600327,大东方,江苏
1595,600805,悦达投资,江苏
1596,600074,保千里,江苏
1597,002531,天顺风能,江苏
1598,300500,启迪设计,江苏
1599,603776,永安行,江苏
1600,603966,法兰泰克,江苏
1601,600200,江苏吴中,江苏
1602,300331,苏大维格,江苏
1603,601700,风范股份,江苏
1604,300279,和晶科技,江苏
1605,601599,鹿港文化,江苏
1606,300554,三超新材,江苏
1607,300013,新宁物流,江苏
1608,600682,南京新百,江苏
1609,300215,电科院,江苏
1610,600854,春兰股份,江苏
1611,300680,隆盛科技,江苏
1612,603699,纽威股份,江苏
1613,002384,东山精密,江苏
1614,600710,ST常林,江苏
1615,002546,新联电子,江苏
1616,002165,红 宝 丽,江苏
1617,002395,双象股份,江苏
1618,600401,*ST海润,江苏
1619,002450,康得新,江苏
1620,300402,宝色股份,江苏
1621,002747,埃斯顿,江苏
1622,603005,晶方科技,江苏
1623,002576,通达动力,江苏
1624,300580,贝斯特,江苏
1625,600287,江苏舜天,江苏
1626,603929,亚翔集成,江苏
1627,300447,全信股份,江苏
1628,603136,天目湖,江苏
1629,603158,腾龙股份,江苏
1630,300618,寒锐钴业,江苏
1631,002608,江苏国信,江苏
1632,603585,苏利股份,江苏
1633,300585,奥联电子,江苏
1634,002091,江苏国泰,江苏
1635,601128,常熟银行,江苏
1636,300394,天孚通信,江苏
1637,603988,中电电机,江苏
1638,600522,中天科技,江苏
1639,300152,科融环境,江苏
1640,603928,兴业股份,江苏
1641,002074,国轩高科,江苏
1642,300631,久吾高科,江苏
1643,002559,亚威股份,江苏
1644,002623,亚玛顿,江苏
1645,300610,晨化股份,江苏
1646,002309,中利集团,江苏
1647,002631,德尔未来,江苏
1648,600527,江南高纤,江苏
1649,300196,长海股份,江苏
1650,300339,润和软件,江苏
1651,002394,联发股份,江苏
1652,300354,东华测试,江苏
1653,300260,新莱应材,江苏
1654,300261,雅本化学,江苏
1655,002685,华东重机,江苏
1656,300265,通光线缆,江苏
1657,601155,新城控股,江苏
1658,300172,中电环保,江苏
1659,300584,海辰药业,江苏
1660,000525,红 太 阳,江苏
1661,600475,华光股份,江苏
1662,300707,威唐工业,江苏
1663,300240,飞力达,江苏
1664,603028,赛福天,江苏
1665,002077,大港股份,江苏
1666,603906,龙蟠科技,江苏
1667,300280,南通锻压,江苏
1668,601007,金陵饭店,江苏
1669,300509,新美星,江苏
1670,300135,宝利国际,江苏
1671,603323,吴江银行,江苏
1672,603299,井神股份,江苏
1673,002484,江海股份,江苏
1674,002333,罗普斯金,江苏
1675,601222,林洋能源,江苏
1676,000421,南京公用,江苏
1677,603380,易德龙,江苏
1678,002547,春兴精工,江苏
1679,002262,恩华药业,江苏
1680,600377,宁沪高速,江苏
1681,002435,长江润发,江苏
1682,600300,维维股份,江苏
1683,002438,江苏神通,江苏
1684,600973,宝胜股份,江苏
1685,603369,今世缘,江苏
1686,002223,鱼跃医疗,江苏
1687,002585,双星新材,江苏
1688,300617,安靠智电,江苏
1689,600122,宏图高科,江苏
1690,600908,无锡银行,江苏
1691,002540,亚太科技,江苏
1692,002796,世嘉科技,江苏
1693,002807,江阴银行,江苏
1694,600400,红豆股份,江苏
1695,603203,快克股份,江苏
1696,300305,裕兴股份,江苏
1697,300128,锦富技术,江苏
1698,002172,澳洋科技,江苏
1699,603985,恒润股份,江苏
1700,000681,视觉中国,江苏
1701,300337,银邦股份,江苏
1702,002104,恒宝股份,江苏
1703,603286,日盈电子,江苏
1704,600406,国电南瑞,江苏
1705,600889,南京化纤,江苏
1706,600970,中材国际,江苏
1707,300091,金通灵,江苏
1708,601928,凤凰传媒,江苏
1709,300031,宝通科技,江苏
1710,002349,精华制药,江苏
1711,601890,亚星锚链,江苏
1712,601028,玉龙股份,江苏
1713,002304,洋河股份,江苏
1714,300575,中旗股份,江苏
1715,002478,常宝股份,江苏
1716,002367,康力电梯,江苏
1717,601799,星宇股份,江苏
1718,300721,怡达股份,江苏
1719,002722,金轮股份,江苏
1720,601010,文峰股份,江苏
1721,300651,金陵体育,江苏
1722,600486,扬农化工,江苏
1723,603111,康尼机电,江苏
1724,002160,常铝股份,江苏
1725,600276,恒瑞医药,江苏
1726,300284,苏交科,江苏
1727,603688,石英股份,江苏
1728,300528,幸福蓝海,江苏
1729,603387,基蛋生物,江苏
1730,300393,中来股份,江苏
1731,300682,朗新科技,江苏
1732,600770,综艺股份,江苏
1733,000581,威孚高科,江苏
1734,002513,蓝丰生化,江苏
1735,002734,利民股份,江苏
1736,603829,洛凯股份,江苏
1737,000551,创元科技,江苏
1738,600667,太极实业,江苏
1739,002445,中南文化,江苏
1740,603179,新泉股份,江苏
1741,002839,张家港行,江苏
1742,600510,黑牡丹,江苏
1743,600562,国睿科技,江苏
1744,002877,智能自控,江苏
1745,000035,中国天楹,江苏
1746,000816,智慧农业,江苏
1747,600716,凤凰股份,江苏
1748,600584,长电科技,江苏
1749,300258,精锻科技,江苏
1750,300600,瑞特股份,江苏
1751,002610,爱康科技,江苏
1752,300495,美尚生态,江苏
1753,300429,强力新材,江苏
1754,002483,润邦股份,江苏
1755,000418,小天鹅Ａ,江苏
1756,603968,醋化股份,江苏
1757,002564,天沃科技,江苏
1758,600128,弘业股份,江苏
1759,002514,宝馨科技,江苏
1760,300660,江苏雷利,江苏
1761,300141,和顺电气,江苏
1762,600064,南京高科,江苏
1763,002274,华昌化工,江苏
1764,002496,辉丰股份,江苏
1765,002239,奥特佳,江苏
1766,002708,光洋股份,江苏
1767,002787,华源控股,江苏
1768,300420,五洋科技,江苏
1769,000585,东北电气,江苏
1770,300292,吴通控股,江苏
1771,002680,长生生物,江苏
1772,300342,天银机电,江苏
1773,000570,苏常柴Ａ,江苏
1774,300228,富瑞特装,江苏
1775,000700,模塑科技,江苏
1776,002089,新 海 宜,江苏
1777,603016,新宏泰,江苏
1778,600746,江苏索普,江苏
1779,300670,大烨智能,江苏
1780,600099,林海股份,江苏
1781,603518,维格娜丝,江苏
1782,300717,华信新材,江苏
1783,002290,中科新材,江苏
1784,603041,美思德,江苏
1785,300160,秀强股份,江苏
1786,002499,科林环保,江苏
1787,603819,神力股份,江苏
1788,603507,振江股份,江苏
1789,603389,亚振家居,江苏
1790,603183,建研院,江苏
1791,300715,凯伦股份,江苏
1792,000777,中核科技,江苏
1793,600213,亚星客车,江苏
1794,300709,精研科技,江苏
1795,601313,江南嘉捷,江苏
1796,300165,天瑞仪器,江苏
1797,603912,佳力图,江苏
1798,600533,栖霞建设,江苏
1799,300728,天常股份,江苏
1800,300725,药石科技,江苏
1801,600513,联环药业,江苏
1802,600398,海澜之家,江苏
1803,603787,新日股份,江苏
1804,603358,华达科技,江苏
1805,002002,鸿达兴业,江苏
1806,603922,金鸿顺,江苏
1807,002255,海陆重工,江苏
1808,002516,旷达科技,江苏
1809,300295,三六五网,江苏
1810,603722,阿科力,江苏
1811,300304,云意电气,江苏
1812,002491,通鼎互联,江苏
1813,601952,苏垦农发,江苏
1814,600487,亨通光电,江苏
1815,600105,永鼎股份,江苏
1816,000961,中南建设,江苏
1817,300450,先导智能,江苏
1818,601100,恒立液压,江苏
1819,603660,苏州科达,江苏
1820,300555,路通视信,江苏
1821,600268,国电南自,江苏
1822,601555,东吴证券,江苏
1823,600557,康缘药业,江苏
1824,603416,信捷电气,江苏
1825,002182,云海金属,江苏
1826,603269,海鸥股份,江苏
1827,603916,苏博特,江苏
1828,002323,雅百特,江苏
1829,603828,柯利达,江苏
1830,300563,神宇股份,江苏
1831,603007,花王股份,江苏
1832,600280,中央商场,江苏
1833,300382,斯莱克,江苏
1834,300466,赛摩电气,江苏
1835,300190,维尔利,江苏
1836,002409,雅克科技,江苏
1837,600862,中航高科,江苏
1838,300708,聚灿光电,江苏
1839,002293,罗莱生活,江苏
1840,603937,丽岛新材,江苏
1841,603958,哈森股份,江苏
1842,000727,华东科技,江苏
1843,002464,金利科技,江苏
1844,300416,苏试试验,江苏
1845,002040,南 京 港,江苏
1846,002463,沪电股份,江苏
1847,300373,扬杰科技,江苏
1848,000626,远大控股,江苏
1849,300655,晶瑞股份,江苏
1850,002090,金智科技,江苏
1851,603878,武进不锈,江苏
1852,603017,中衡设计,江苏
1853,601218,吉鑫科技,江苏
1854,603366,日出东方,江苏
1855,300346,南大光电,江苏
1856,002455,百川股份,江苏
1857,600919,江苏银行,江苏
1858,600250,南纺股份,江苏
1859,002808,苏州恒久,江苏
1860,002778,高科石化,江苏
1861,002079,苏州固锝,江苏
1862,002075,沙钢股份,江苏
1863,002071,长城影视,江苏
1864,300623,捷捷微电,江苏
1865,600959,江苏有线,江苏
1866,300697,电工合金,江苏
1867,603626,科森科技,江苏
1868,300201,海伦哲,江苏
1869,300209,天泽信息,江苏
1870,600370,三房巷,江苏
1871,000518,四环生物,江苏
1872,603313,梦百合,江苏
1873,601500,通用股份,江苏
1874,603990,麦迪科技,江苏
1875,002645,华宏科技,江苏
1876,600794,保税科技,江苏
1877,000738,航发控制,江苏
1878,002080,中材科技,江苏
1879,300421,力星股份,江苏
1880,002413,雷科防务,江苏
1881,300390,天华超净,江苏
1882,300211,亿通科技,江苏
1883,002315,焦点科技,江苏
1884,300507,苏奥传感,江苏
1885,601008,连云港,江苏
1886,603188,亚邦股份,江苏
1887,002156,通富微电,江苏
1888,002453,天马精化,江苏
1889,603880,南卫股份,江苏
1890,002411,必康股份,江苏
1891,603036,如通股份,江苏
1892,002150,通润装备,江苏
1893,600358,国旅联合,江苏
1894,300598,诚迈科技,江苏
1895,002081,金 螳 螂,江苏
1896,603339,四方冷链,江苏
1897,603018,中设集团,江苏
1898,600481,双良节能,江苏
1899,002471,中超控股,江苏
1900,000910,大亚圣象,江苏
1901,603035,常熟汽饰,江苏
1902,002044,美年健康,江苏
1903,002380,科远股份,江苏
1904,002201,九鼎新材,江苏
1905,603078,江化微,江苏
1906,002635,安洁科技,江苏
1907,603117,万林股份,江苏
1908,600220,江苏阳光,江苏
1909,603900,通灵珠宝,江苏
1910,603800,道森股份,江苏
1911,603519,立霸股份,江苏
1912,300522,世名科技,江苏
1913,601688,华泰证券,江苏
1914,300169,天晟新材,江苏
1915,000301,东方市场,江苏
1916,603955,大千生态,江苏
1917,002802,洪汇新材,江苏
1918,300641,正丹股份,江苏
1919,300217,东方电热,江苏
1920,601388,怡球资源,江苏
1921,603488,展鹏科技,江苏
1922,601009,南京银行,江苏
1923,600389,江山股份,江苏
1924,603326,我乐家居,江苏
1925,002426,胜利精密,江苏
1926,002866,传艺科技,江苏
1927,600981,汇鸿集团,江苏
1928,000919,金陵药业,江苏
1929,000936,华西股份,江苏
1930,002652,扬子新材,江苏
1931,300537,广信材料,江苏
1932,002692,睿康股份,江苏
1933,601199,江南水务,江苏
1934,603528,多伦科技,江苏
1935,002221,东华能源,江苏
1936,600775,南京熊猫,江苏
1937,002211,宏达新材,江苏
1938,300325,德威新材,江苏
1939,002245,澳洋顺昌,江苏
1940,300029,天龙光电,江苏
1941,603066,XD音飞储,江苏
1942,600713,南京医药,江苏
1943,600282,南钢股份,江苏
1944,600078,澄星股份,江苏
1945,002015,霞客环保,江苏
1946,000425,徐工机械,江苏
1947,002009,天奇股份,江苏
1948,000404,华意压缩,江西
1949,300722,新余国科,江西
1950,600373,中文传媒,江西
1951,300497,富祥股份,江西
1952,002157,正邦科技,江西
1953,300095,华伍股份,江西
1954,600561,江西长运,江西
1955,600461,洪城水业,江西
1956,300636,同和药业,江西
1957,600362,江西铜业,江西
1958,000650,仁和药业,江西
1959,600590,泰豪科技,江西
1960,600071,凤凰光学,江西
1961,600507,方大特钢,江西
1962,600363,联创光电,江西
1963,300066,三川智慧,江西
1964,603977,国泰集团,江西
1965,002176,江特电机,江西
1966,600316,洪都航空,江西
1967,600228,*ST昌九,江西
1968,000789,万年青,江西
1969,600782,新钢股份,江西
1970,600053,九鼎投资,江西
1971,300294,博雅生物,江西
1972,002695,煌上煌,江西
1973,000550,江铃汽车,江西
1974,600750,江中药业,江西
1975,002460,赣锋锂业,江西
1976,002748,世龙实业,江西
1977,002591,恒大高新,江西
1978,002378,章源钨业,江西
1979,000990,诚志股份,江西
1980,600397,安源煤业,江西
1981,000829,天音控股,江西
1982,600269,赣粤高速,江西
1983,300453,三鑫医疗,江西
1984,002068,黑猫股份,江西
1985,000899,赣能股份,江西
1986,300137,先河环保,河北
1987,000848,承德露露,河北
1988,002108,沧州明珠,河北
1989,000413,东旭光电,河北
1990,300428,四通新材,河北
1991,002049,紫光国芯,河北
1992,300255,常山药业,河北
1993,002442,龙星化工,河北
1994,300138,晨光生物,河北
1995,002691,冀凯股份,河北
1996,000856,冀东装备,河北
1997,000600,建投能源,河北
1998,601000,唐山港,河北
1999,600409,三友化工,河北
2000,600155,宝硕股份,河北
2001,300446,乐凯新材,河北
2002,603385,惠达卫浴,河北
2003,600997,开滦股份,河北
2004,300491,通合科技,河北
2005,002459,天业通联,河北
2006,000687,华讯方舟,河北
2007,600722,金牛化工,河北
2008,600812,华北制药,河北
2009,600803,新奥股份,河北
2010,300081,恒信东方,河北
2011,002603,以岭药业,河北
2012,002146,荣盛发展,河北
2013,000778,新兴铸管,河北
2014,600550,保变电气,河北
2015,603938,三孚股份,河北
2016,601326,秦港股份,河北
2017,600230,沧州大化,河北
2018,300107,建新股份,河北
2019,601633,长城汽车,河北
2020,000923,河北宣工,河北
2021,000401,冀东水泥,河北
2022,600482,中国动力,河北
2023,600149,*ST坊展,河北
2024,000958,东方能源,河北
2025,000158,常山北明,河北
2026,600965,福成股份,河北
2027,000937,冀中能源,河北
2028,002282,博深工具,河北
2029,300371,汇中股份,河北
2030,601258,庞大集团,河北
2031,600340,华夏幸福,河北
2032,603050,科林电气,河北
2033,300368,汇金股份,河北
2034,002494,华斯股份,河北
2035,600135,乐凯胶片,河北
2036,000709,河钢股份,河北
2037,600480,凌云股份,河北
2038,002342,巨力索具,河北
2039,600559,老白干酒,河北
2040,000889,茂业通信,河北
2041,600207,安彩高科,河南
2042,002189,利达光电,河南
2043,600595,中孚实业,河南
2044,603508,思维列控,河南
2045,000400,许继电气,河南
2046,002225,濮耐股份,河南
2047,002536,西泵股份,河南
2048,601717,郑煤机,河南
2049,600172,黄河旋风,河南
2050,000612,焦作万方,河南
2051,300480,光力科技,河南
2052,002423,中原特钢,河南
2053,600439,瑞贝卡,河南
2054,300437,清水源,河南
2055,002477,雏鹰农牧,河南
2056,002132,恒星科技,河南
2057,300263,隆华节能,河南
2058,600403,*ST大有,河南
2059,300481,濮阳惠成,河南
2060,000895,双汇发展,河南
2061,002087,新野纺织,河南
2062,600469,风神股份,河南
2063,600222,太龙药业,河南
2064,002613,北玻股份,河南
2065,600020,中原高速,河南
2066,002560,通达股份,河南
2067,000544,中原环保,河南
2068,002857,三晖电气,河南
2069,300007,汉威科技,河南
2070,600569,安阳钢铁,河南
2071,000676,智度股份,河南
2072,000719,大地传媒,河南
2073,000885,同力水泥,河南
2074,603658,安图生物,河南
2075,600066,宇通客车,河南
2076,002216,三全食品,河南
2077,002582,好想你,河南
2078,300080,易成新能,河南
2079,600285,羚锐制药,河南
2080,002714,牧原股份,河南
2081,300248,新开普,河南
2082,002296,辉煌科技,河南
2083,603566,普莱柯,河南
2084,001896,豫能控股,河南
2085,002535,林州重机,河南
2086,601038,一拖股份,河南
2087,600069,银鸽投资,河南
2088,601666,平煤股份,河南
2089,002601,龙蟒佰利,河南
2090,601677,明泰铝业,河南
2091,002179,中航光电,河南
2092,600753,东方银星,河南
2093,600781,辅仁药业,河南
2094,300109,新开源,河南
2095,002046,轴研科技,河南
2096,002448,中原内配,河南
2097,002321,华英农业,河南
2098,300179,四方达,河南
2099,002407,多氟多,河南
2100,601608,中信重工,河南
2101,002770,科迪乳业,河南
2102,002007,华兰生物,河南
2103,600312,平高电气,河南
2104,600531,豫光金铅,河南
2105,300259,新天科技,河南
2106,300064,豫金刚石,河南
2107,601375,中原证券,河南
2108,600121,*ST郑煤,河南
2109,000949,新乡化纤,河南
2110,002406,远东传动,河南
2111,000933,神火股份,河南
2112,600186,莲花健康,河南
2113,603993,洛阳钼业,河南
2114,600810,神马股份,河南
2115,600876,洛阳玻璃,河南
2116,002358,森源电气,河南
2117,300701,森霸股份,河南
2118,603839,安正时尚,浙江
2119,002615,哈尔斯,浙江
2120,000411,英特集团,浙江
2121,300100,双林股份,浙江
2122,002119,康强电子,浙江
2123,600226,瀚叶股份,浙江
2124,603055,台华新材,浙江
2125,300426,唐德影视,浙江
2126,002206,海 利 得,浙江
2127,300488,恒锋工具,浙江
2128,600933,爱柯迪,浙江
2129,000739,普洛药业,浙江
2130,002758,华通医药,浙江
2131,300076,GQY视讯,浙江
2132,300461,田中精机,浙江
2133,603788,宁波高发,浙江
2134,600415,小商品城,浙江
2135,300025,华星创业,浙江
2136,300519,新光药业,浙江
2137,603266,天龙股份,浙江
2138,002188,巴士在线,浙江
2139,600120,浙江东方,浙江
2140,603617,君禾股份,浙江
2141,603667,五洲新春,浙江
2142,002095,生 意 宝,浙江
2143,002468,申通快递,浙江
2144,603001,奥康国际,浙江
2145,603685,晨丰科技,浙江
2146,002629,仁智股份,浙江
2147,603811,诚意药业,浙江
2148,300512,中亚股份,浙江
2149,300553,集智股份,浙江
2150,002326,永太科技,浙江
2151,600160,巨化股份,浙江
2152,600512,腾达建设,浙江
2153,300695,兆丰股份,浙江
2154,300539,横河模具,浙江
2155,603600,永艺股份,浙江
2156,603605,珀莱雅,浙江
2157,002032,苏 泊 尔,浙江
2158,300300,汉鼎宇佑,浙江
2159,600576,祥源文化,浙江
2160,603661,恒林股份,浙江
2161,002214,大立科技,浙江
2162,600683,京投发展,浙江
2163,600884,杉杉股份,浙江
2164,600768,宁波富邦,浙江
2165,603980,吉华集团,浙江
2166,300435,中泰股份,浙江
2167,002569,步森股份,浙江
2168,002085,万丰奥威,浙江
2169,300439,美康生物,浙江
2170,002199,东晶电子,浙江
2171,603076,乐惠国际,浙江
2172,603889,新澳股份,浙江
2173,603277,银都股份,浙江
2174,002897,意华股份,浙江
2175,603505,金石资源,浙江
2176,600699,均胜电子,浙江
2177,603181,皇马科技,浙江
2178,603767,中马传动,浙江
2179,002699,美盛文化,浙江
2180,600572,康恩贝,浙江
2181,300558,贝达药业,浙江
2182,600580,卧龙电气,浙江
2183,300244,迪安诊断,浙江
2184,603337,杰克股份,浙江
2185,002006,精功科技,浙江
2186,600173,卧龙地产,浙江
2187,600671,天目药业,浙江
2188,300652,雷迪克,浙江
2189,000913,钱江摩托,浙江
2190,300250,初灵信息,浙江
2191,603996,中新科技,浙江
2192,603520,司太立,浙江
2193,002120,韵达股份,浙江
2194,603258,电魂网络,浙江
2195,002236,大华股份,浙江
2196,300145,中金环境,浙江
2197,603110,东方材料,浙江
2198,600113,浙江东日,浙江
2199,600521,华海药业,浙江
2200,600070,浙江富润,浙江
2201,002122,天马股份,浙江
2202,601689,拓普集团,浙江
2203,300441,鲍斯股份,浙江
2204,002263,大 东 南,浙江
2205,002164,宁波东力,浙江
2206,603611,诺力股份,浙江
2207,600526,菲达环保,浙江
2208,300637,扬帆新材,浙江
2209,603926,铁流股份,浙江
2210,300351,永贵电器,浙江
2211,300582,英飞特,浙江
2212,603129,春风动力,浙江
2213,603997,继峰股份,浙江
2214,600491,龙元建设,浙江
2215,002370,亚太药业,浙江
2216,603239,浙江仙通,浙江
2217,002001,新 和 成,浙江
2218,300411,金盾股份,浙江
2219,603165,荣晟环保,浙江
2220,002677,浙江美大,浙江
2221,002099,海翔药业,浙江
2222,601002,晋亿实业,浙江
2223,300703,创源文化,浙江
2224,002048,宁波华翔,浙江
2225,002520,日发精机,浙江
2226,002430,杭氧股份,浙江
2227,603238,诺邦股份,浙江
2228,300234,开尔新材,浙江
2229,002647,民盛金科,浙江
2230,300316,晶盛机电,浙江
2231,002552,宝鼎科技,浙江
2232,603806,福斯特,浙江
2233,603208,江山欧派,浙江
2234,603556,海兴电力,浙江
2235,002730,电光科技,浙江
2236,603331,百达精工,浙江
2237,603822,嘉澳环保,浙江
2238,603300,华铁科技,浙江
2239,603388,元成股份,浙江
2240,002515,金字火腿,浙江
2241,002273,水晶光电,浙江
2242,603602,纵横通信,浙江
2243,603222,济民制药,浙江
2244,601177,杭齿前进,浙江
2245,002532,新界泵业,浙江
2246,603178,圣龙股份,浙江
2247,601018,宁波港,浙江
2248,300357,我武生物,浙江
2249,002332,仙琚制药,浙江
2250,002522,浙江众成,浙江
2251,603823,百合花,浙江
2252,603168,莎普爱思,浙江
2253,601877,正泰电器,浙江
2254,601116,三江购物,浙江
2255,002043,兔 宝 宝,浙江
2256,600176,中国巨石,浙江
2257,603799,华友钴业,浙江
2258,002562,兄弟科技,浙江
2259,603311,金海环境,浙江
2260,603321,梅轮电梯,浙江
2261,002247,帝龙文化,浙江
2262,300626,华瑞股份,浙江
2263,300649,杭州园林,浙江
2264,002863,今飞凯达,浙江
2265,000925,众合科技,浙江
2266,603089,正裕工业,浙江
2267,300478,杭州高新,浙江
2268,600290,华仪电气,浙江
2269,002617,露笑科技,浙江
2270,002364,中恒电气,浙江
2271,603665,康隆达,浙江
2272,000967,盈峰环境,浙江
2273,300069,金利华电,浙江
2274,002131,利欧股份,浙江
2275,002381,双箭股份,浙江
2276,002082,栋梁新材,浙江
2277,002322,理工环科,浙江
2278,000705,浙江震元,浙江
2279,603701,德宏股份,浙江
2280,603316,诚邦股份,浙江
2281,603103,横店影视,浙江
2282,300698,万马科技,浙江
2283,603303,得邦照明,浙江
2284,603538,美诺华,浙江
2285,300349,金卡智能,浙江
2286,002440,闰土股份,浙江
2287,300710,万隆光电,浙江
2288,300347,泰格医药,浙江
2289,600790,轻纺城,浙江
2290,600982,宁波热电,浙江
2291,603008,喜临门,浙江
2292,002434,万里扬,浙江
2293,002280,联络互动,浙江
2294,000517,荣安地产,浙江
2295,601339,百隆东方,浙江
2296,600387,海越股份,浙江
2297,000963,华东医药,浙江
2298,002712,思美传媒,浙江
2299,603033,三维股份,浙江
2300,603595,东尼电子,浙江
2301,600232,金鹰股份,浙江
2302,600537,亿晶光电,浙江
2303,603116,红蜻蜓,浙江
2304,600724,宁波富达,浙江
2305,603456,九洲药业,浙江
2306,300118,东方日升,浙江
2307,002056,横店东磁,浙江
2308,600926,杭州银行,浙江
2309,603908,牧高笛,浙江
2310,600175,美都能源,浙江
2311,603085,天成自控,浙江
2312,300111,向日葵,浙江
2313,600477,杭萧钢构,浙江
2314,600798,宁波海运,浙江
2315,002142,宁波银行,浙江
2316,002602,世纪华通,浙江
2317,600865,百大集团,浙江
2318,002115,三维通信,浙江
2319,603877,太平鸟,浙江
2320,002859,洁美科技,浙江
2321,603896,寿仙谷,浙江
2322,002375,亚厦股份,浙江
2323,601878,浙商证券,浙江
2324,600208,新湖中宝,浙江
2325,002664,信质电机,浙江
2326,300550,和仁科技,浙江
2327,600352,浙江龙盛,浙江
2328,601137,博威合金,浙江
2329,002479,富春环保,浙江
2330,002795,永和智控,浙江
2331,600596,新安股份,浙江
2332,002061,江山化工,浙江
2333,600273,嘉化能源,浙江
2334,603726,朗迪集团,浙江
2335,002133,广宇集团,浙江
2336,300033,同花顺,浙江
2337,603578,三星新材,浙江
2338,300078,思创医惠,浙江
2339,600460,士兰微,浙江
2340,600052,浙江广厦,浙江
2341,603081,大丰实业,浙江
2342,601113,华鼎股份,浙江
2343,600570,恒生电子,浙江
2344,603901,永创智能,浙江
2345,603186,华正新材,浙江
2346,603320,迪贝电气,浙江
2347,000558,莱茵体育,浙江
2348,600216,浙江医药,浙江
2349,002444,巨星科技,浙江
2350,300133,华策影视,浙江
2351,002508,老板电器,浙江
2352,600077,宋都股份,浙江
2353,603568,伟明环保,浙江
2354,300068,南都电源,浙江
2355,002244,滨江集团,浙江
2356,600797,浙大网新,浙江
2357,600633,浙数文化,浙江
2358,002154,报 喜 鸟,浙江
2359,300412,迦南科技,浙江
2360,300451,创业软件,浙江
2361,002403,爱仕达,浙江
2362,300203,聚光科技,浙江
2363,300283,温州宏丰,浙江
2364,600830,香溢融通,浙江
2365,002372,伟星新材,浙江
2366,002173,创新医疗,浙江
2367,002389,南洋科技,浙江
2368,002725,跃岭股份,浙江
2369,600261,阳光照明,浙江
2370,002641,永高股份,浙江
2371,603703,盛洋科技,浙江
2372,002534,杭锅股份,浙江
2373,002840,华统股份,浙江
2374,600776,东方通信,浙江
2375,300401,花园生物,浙江
2376,002415,海康威视,浙江
2377,002062,宏润建设,浙江
2378,601579,会稽山,浙江
2379,600023,浙能电力,浙江
2380,300329,海伦钢琴,浙江
2381,300459,金科文化,浙江
2382,002570,贝因美,浙江
2383,603816,顾家家居,浙江
2384,002404,嘉欣丝绸,浙江
2385,002011,盾安环境,浙江
2386,300256,星星科技,浙江
2387,601882,海天精工,浙江
2388,603557,起步股份,浙江
2389,002196,方正电机,浙江
2390,300587,天铁股份,浙江
2391,002590,万安科技,浙江
2392,603015,弘讯科技,浙江
2393,002493,荣盛石化,浙江
2394,002064,华峰氨纶,浙江
2395,300270,中威电子,浙江
2396,002488,金固股份,浙江
2397,002036,联创电子,浙江
2398,603229,奥翔药业,浙江
2399,000909,数源科技,浙江
2400,300645,正元智慧,浙江
2401,603558,健盛集团,浙江
2402,600235,民丰特纸,浙江
2403,603618,杭电股份,浙江
2404,600987,航民股份,浙江
2405,002224,三 力 士,浙江
2406,601567,三星医疗,浙江
2407,002472,双环传动,浙江
2408,300314,戴维医疗,浙江
2409,002767,先锋电子,浙江
2410,600763,通策医疗,浙江
2411,601233,桐昆股份,浙江
2412,002574,明牌珠宝,浙江
2413,600796,钱江生化,浙江
2414,002427,尤夫股份,浙江
2415,603757,大元泵业,浙江
2416,300702,天宇股份,浙江
2417,300306,远方信息,浙江
2418,300571,平治信息,浙江
2419,002686,亿利达,浙江
2420,002703,浙江世宝,浙江
2421,002793,东音股份,浙江
2422,002634,棒杰股份,浙江
2423,300027,华谊兄弟,浙江
2424,603079,圣达生物,浙江
2425,603338,浙江鼎力,浙江
2426,002849,威星智能,浙江
2427,002443,金洲管道,浙江
2428,603500,祥和实业,浙江
2429,603606,东方电缆,浙江
2430,002144,宏达高科,浙江
2431,300113,顺网科技,浙江
2432,002648,卫星石化,浙江
2433,002266,浙富控股,浙江
2434,300566,激智科技,浙江
2435,601108,财通证券,浙江
2436,002860,星帅尔,浙江
2437,603677,奇精机械,浙江
2438,603298,杭叉集团,浙江
2439,600267,海正药业,浙江
2440,603040,新坐标,浙江
2441,002250,联化科技,浙江
2442,603088,宁波精达,浙江
2443,300181,佐力药业,浙江
2444,300669,沪宁股份,浙江
2445,002489,浙江永强,浙江
2446,601789,宁波建工,浙江
2447,002103,广博股份,浙江
2448,600704,物产中大,浙江
2449,002318,久立特材,浙江
2450,000918,嘉凯城,浙江
2451,002135,东南网架,浙江
2452,600051,宁波联合,浙江
2453,600130,波导股份,浙江
2454,002010,传化智联,浙江
2455,600857,宁波中百,浙江
2456,002203,海亮股份,浙江
2457,603225,新凤鸣,浙江
2458,002418,康盛股份,浙江
2459,002779,中坚科技,浙江
2460,300307,慈星股份,浙江
2461,002687,乔治白,浙江
2462,600571,信雅达,浙江
2463,600668,尖峰集团,浙江
2464,300360,炬华科技,浙江
2465,600814,杭州解百,浙江
2466,603260,合盛硅业,浙江
2467,600283,钱江水利,浙江
2468,000559,万向钱潮,浙江
2469,300548,博创科技,浙江
2470,300604,长川科技,浙江
2471,002586,围海股份,浙江
2472,002112,三变科技,浙江
2473,300032,金龙机电,浙江
2474,300257,开山股份,浙江
2475,603637,镇海股份,浙江
2476,002563,森马服饰,浙江
2477,002003,伟星股份,浙江
2478,603289,泰瑞机器,浙江
2479,300718,长盛轴承,浙江
2480,002896,中大力德,浙江
2481,300266,兴源环境,浙江
2482,300611,美力科技,浙江
2483,300666,江丰电子,浙江
2484,603607,京华激光,浙江
2485,002624,完美世界,浙江
2486,600126,杭钢股份,浙江
2487,300643,万通智控,浙江
2488,600330,天通股份,浙江
2489,002012,凯恩股份,浙江
2490,002284,亚太股份,浙江
2491,002067,景兴纸业,浙江
2492,600677,航天通信,浙江
2493,300144,宋城演艺,浙江
2494,603010,万盛股份,浙江
2495,000156,华数传媒,浙江
2496,002343,慈文传媒,浙江
2497,000607,华媒控股,浙江
2498,002124,天邦股份,浙江
2499,002050,三花智控,浙江
2500,002344,海宁皮城,浙江
2501,002632,道明光学,浙江
2502,002625,光启技术,浙江
2503,002718,友邦吊顶,浙江
2504,002020,京新药业,浙江
2505,603789,星光农机,浙江
2506,002619,艾格拉斯,浙江
2507,002021,中捷资源,浙江
2508,600114,东睦股份,浙江
2509,002756,永兴特钢,浙江
2510,002633,申科股份,浙江
2511,002276,万马股份,浙江
2512,600152,维科精华,浙江
2513,002126,银轮股份,浙江
2514,603218,日月股份,浙江
2515,603305,旭升股份,浙江
2516,300673,佩蒂股份,浙江
2517,300163,先锋新材,浙江
2518,002637,赞宇科技,浙江
2519,600177,雅戈尔,浙江
2520,600059,古越龙山,浙江
2521,603177,德创环保,浙江
2522,002473,*ST圣莱,浙江
2523,600366,宁波韵升,浙江
2524,002801,微光股份,浙江
2525,002019,亿帆医药,浙江
2526,300020,银江股份,浙江
2527,002034,美 欣 达,浙江
2528,000613,*ST东海A,海南
2529,000566,海南海药,海南
2530,000572,海马汽车,海南
2531,600759,洲际油气,海南
2532,600555,海航创新,海南
2533,600209,罗顿发展,海南
2534,601969,海南矿业,海南
2535,600221,海航控股,海南
2536,600259,广晟有色,海南
2537,000793,华闻传媒,海南
2538,601118,海南橡胶,海南
2539,300189,神农基因,海南
2540,000955,欣龙控股,海南
2541,300086,康芝药业,海南
2542,000571,新大洲Ａ,海南
2543,600896,览海投资,海南
2544,300630,普利制药,海南
2545,002865,钧达股份,海南
2546,002693,双成药业,海南
2547,000735,罗 牛 山,海南
2548,603069,海汽集团,海南
2549,000505,珠江控股,海南
2550,000657,中钨高新,海南
2551,000567,海德股份,海南
2552,000503,海虹控股,海南
2553,002596,海南瑞泽,海南
2554,600238,海南椰岛,海南
2555,600515,海航基础,海南
2556,000886,海南高速,海南
2557,002320,海峡股份,海南
2558,600892,大晟文化,深圳
2559,000036,华联控股,深圳
2560,002197,证通电子,深圳
2561,601333,广深铁路,深圳
2562,000005,世纪星源,深圳
2563,300130,新国都,深圳
2564,300518,盛讯达,深圳
2565,600036,招商银行,深圳
2566,300656,民德电子,深圳
2567,002811,亚泰国际,深圳
2568,002551,尚荣医疗,深圳
2569,603118,共进股份,深圳
2570,002301,齐心集团,深圳
2571,002869,金溢科技,深圳
2572,300686,智动力,深圳
2573,002218,拓日新能,深圳
2574,300199,翰宇药业,深圳
2575,002130,沃尔核材,深圳
2576,002587,奥拓电子,深圳
2577,300633,开立医疗,深圳
2578,300052,中青宝,深圳
2579,300269,联建光电,深圳
2580,002191,劲嘉股份,深圳
2581,300115,长盈精密,深圳
2582,002735,王子新材,深圳
2583,600383,金地集团,深圳
2584,000060,中金岭南,深圳
2585,002388,新亚制程,深圳
2586,600462,九有股份,深圳
2587,002210,飞马国际,深圳
2588,002161,远 望 谷,深圳
2589,002314,南山控股,深圳
2590,002618,丹邦科技,深圳
2591,000028,国药一致,深圳
2592,300227,光韵达,深圳
2593,300012,华测检测,深圳
2594,000050,深天马Ａ,深圳
2595,002736,国信证券,深圳
2596,002518,科士达,深圳
2597,300546,雄帝科技,深圳
2598,000039,中集集团,深圳
2599,002548,金新农,深圳
2600,600548,深高速,深圳
2601,300615,欣天科技,深圳
2602,300264,佳创视讯,深圳
2603,002285,世联行,深圳
2604,002660,茂硕电源,深圳
2605,300178,腾邦国际,深圳
2606,300112,万讯自控,深圳
2607,300484,蓝海华腾,深圳
2608,600525,长园集团,深圳
2609,300047,天源迪科,深圳
2610,002885,京泉华,深圳
2611,000058,深 赛 格,深圳
2612,002766,索菱股份,深圳
2613,000018,神州长城,深圳
2614,002620,瑞和股份,深圳
2615,002830,名雕股份,深圳
2616,001979,招商蛇口,深圳
2617,002316,键桥通讯,深圳
2618,002227,奥 特 迅,深圳
2619,000037,深南电A,深圳
2620,000055,方大集团,深圳
2621,002775,文科园林,深圳
2622,300350,华鹏飞,深圳
2623,002213,特 尔 佳,深圳
2624,300303,聚飞光电,深圳
2625,002369,卓翼科技,深圳
2626,000999,华润三九,深圳
2627,300457,赢合科技,深圳
2628,300622,博士眼镜,深圳
2629,300193,佳士科技,深圳
2630,000061,农 产 品,深圳
2631,000023,深天地Ａ,深圳
2632,300241,瑞丰光电,深圳
2633,002823,凯中精密,深圳
2634,002782,可立克,深圳
2635,000004,国农科技,深圳
2636,000062,深圳华强,深圳
2637,000002,万 科Ａ,深圳
2638,002880,卫光生物,深圳
2639,002815,崇达技术,深圳
2640,300533,冰川网络,深圳
2641,300252,金信诺,深圳
2642,300037,新宙邦,深圳
2643,002851,麦格米特,深圳
2644,002106,莱宝高科,深圳
2645,300647,超频三,深圳
2646,600999,招商证券,深圳
2647,300077,国民技术,深圳
2648,000027,深圳能源,深圳
2649,002751,易尚展示,深圳
2650,002336,人人乐,深圳
2651,000032,深桑达Ａ,深圳
2652,002816,和科达,深圳
2653,000089,深圳机场,深圳
2654,002436,兴森科技,深圳
2655,002577,雷柏科技,深圳
2656,002421,达实智能,深圳
2657,000025,特 力Ａ,深圳
2658,002654,万润科技,深圳
2659,300151,昌红科技,深圳
2660,300468,四方精创,深圳
2661,300317,珈伟股份,深圳
2662,002243,通产丽星,深圳
2663,002763,汇洁股份,深圳
2664,002313,日海通讯,深圳
2665,002138,顺络电子,深圳
2666,000063,中兴通讯,深圳
2667,002781,奇信股份,深圳
2668,300206,理邦仪器,深圳
2669,002139,拓邦股份,深圳
2670,000009,中国宝安,深圳
2671,300235,方直科技,深圳
2672,002609,捷顺科技,深圳
2673,000021,深科技,深圳
2674,000099,中信海直,深圳
2675,002889,东方嘉盛,深圳
2676,002351,漫步者,深圳
2677,000026,飞亚达Ａ,深圳
2678,002402,和而泰,深圳
2679,300693,盛弘股份,深圳
2680,002867,周大生,深圳
2681,300556,丝路视觉,深圳
2682,300514,友讯达,深圳
2683,002256,兆新股份,深圳
2684,300621,维业股份,深圳
2685,002289,宇顺电子,深圳
2686,300601,康泰生物,深圳
2687,300532,今天国际,深圳
2688,000040,东旭蓝天,深圳
2689,300689,澄天伟业,深圳
2690,000042,中洲控股,深圳
2691,002325,洪涛股份,深圳
2692,300377,赢时胜,深圳
2693,000088,盐 田 港,深圳
2694,600030,中信证券,深圳
2695,300538,同益股份,深圳
2696,000066,中国长城,深圳
2697,000043,中航地产,深圳
2698,002769,普路通,深圳
2699,002733,雄韬股份,深圳
2700,002813,路畅科技,深圳
2701,000014,沙河股份,深圳
2702,002789,建艺集团,深圳
2703,300042,朗科科技,深圳
2704,002105,信隆健康,深圳
2705,300044,赛为智能,深圳
2706,002163,中航三鑫,深圳
2707,002168,深圳惠程,深圳
2708,002419,天虹股份,深圳
2709,002875,安奈儿,深圳
2710,002583,海能达,深圳
2711,000017,深中华A,深圳
2712,002876,三利谱,深圳
2713,000022,深赤湾Ａ,深圳
2714,603160,汇顶科技,深圳
2715,002456,欧菲光,深圳
2716,300154,瑞凌股份,深圳
2717,002822,中装建设,深圳
2718,000012,南 玻Ａ,深圳
2719,000069,华侨城Ａ,深圳
2720,002183,怡 亚 通,深圳
2721,603063,禾望电气,深圳
2722,002786,银宝山新,深圳
2723,002740,爱迪尔,深圳
2724,002303,美盈森,深圳
2725,300301,长方集团,深圳
2726,300277,海联讯,深圳
2727,002837,英维克,深圳
2728,300085,银之杰,深圳
2729,002724,海洋王,深圳
2730,300131,英唐智控,深圳
2731,300400,劲拓股份,深圳
2732,002681,奋达科技,深圳
2733,300576,容大感光,深圳
2734,002850,科达利,深圳
2735,300136,信维通信,深圳
2736,002170,芭田股份,深圳
2737,000070,特发信息,深圳
2738,002356,赫美集团,深圳
2739,300668,杰恩设计,深圳
2740,300531,优博讯,深圳
2741,002528,英飞拓,深圳
2742,002797,第一创业,深圳
2743,300565,科信技术,深圳
2744,603808,歌力思,深圳
2745,300207,欣旺达,深圳
2746,002831,裕同科技,深圳
2747,002327,富安娜,深圳
2748,002052,同洲电子,深圳
2749,002845,同兴达,深圳
2750,603228,景旺电子,深圳
2751,002399,海普瑞,深圳
2752,002341,新纶科技,深圳
2753,000010,美丽生态,深圳
2754,300348,长亮科技,深圳
2755,300570,太辰光,深圳
2756,300638,广和通,深圳
2757,300506,名家汇,深圳
2758,300676,华大基因,深圳
2759,000016,深康佳Ａ,深圳
2760,002137,麦达数字,深圳
2761,600380,健康元,深圳
2762,002238,天威视讯,深圳
2763,000068,华控赛格,深圳
2764,300389,艾比森,深圳
2765,300134,大富科技,深圳
2766,000096,广聚能源,深圳
2767,000056,皇庭国际,深圳
2768,000001,平安银行,深圳
2769,000038,深大通,深圳
2770,002835,同为股份,深圳
2771,002215,诺 普 信,深圳
2772,300545,联得装备,深圳
2773,300568,星源材质,深圳
2774,000006,深振业Ａ,深圳
2775,002429,兆驰股份,深圳
2776,000019,深深宝Ａ,深圳
2777,002416,爱施德,深圳
2778,002881,美格智能,深圳
2779,300232,洲明科技,深圳
2780,000007,全新好,深圳
2781,000045,深纺织Ａ,深圳
2782,000031,中粮地产,深圳
2783,300675,建科院,深圳
2784,000034,神州数码,深圳
2785,002334,英威腾,深圳
2786,002886,沃特股份,深圳
2787,300319,麦捷科技,深圳
2788,000029,深深房Ａ,深圳
2789,600446,金证股份,深圳
2790,002856,美芝股份,深圳
2791,002047,宝鹰股份,深圳
2792,000011,深物业A,深圳
2793,002294,信立泰,深圳
2794,601318,中国平安,深圳
2795,002594,比亚迪,深圳
2796,300543,朗科智能,深圳
2797,601139,深圳燃气,深圳
2798,600162,香江控股,深圳
2799,300167,迪威视讯,深圳
2800,300124,汇川技术,深圳
2801,000049,德赛电池,深圳
2802,002475,立讯精密,深圳
2803,002882,金龙羽,深圳
2804,002340,格林美,深圳
2805,000078,海王生物,深圳
2806,002008,大族激光,深圳
2807,000090,天健集团,深圳
2808,002121,科陆电子,深圳
2809,000020,深华发Ａ,深圳
2810,000555,神州信息,深圳
2811,002055,得润电子,深圳
2812,000048,康达尔,深圳
2813,603978,深圳新星,深圳
2814,300713,英可瑞,深圳
2815,300671,富满电子,深圳
2816,300602,飞荣达,深圳
2817,002482,广田集团,深圳
2818,300162,雷曼股份,深圳
2819,300572,安车检测,深圳
2820,300333,兆日科技,深圳
2821,300679,电连技术,深圳
2822,300197,铁汉生态,深圳
2823,600998,九州通,湖北
2824,000988,华工科技,湖北
2825,600421,仰帆控股,湖北
2826,600133,东湖高新,湖北
2827,002694,顾地科技,湖北
2828,600068,葛洲坝,湖北
2829,000553,沙隆达Ａ,湖北
2830,000759,中百集团,湖北
2831,000971,高升控股,湖北
2832,600885,宏发股份,湖北
2833,000926,福星股份,湖北
2834,600566,济川药业,湖北
2835,000785,武汉中商,湖北
2836,000707,双环科技,湖北
2837,000627,天茂集团,湖北
2838,600745,闻泰科技,湖北
2839,601311,骆驼股份,湖北
2840,000615,京汉股份,湖北
2841,000939,凯迪生态,湖北
2842,300220,金运激光,湖北
2843,300054,鼎龙股份,湖北
2844,000783,长江证券,湖北
2845,000902,新洋丰,湖北
2846,300536,农尚环境,湖北
2847,600769,祥龙电业,湖北
2848,600275,*ST昌鱼,湖北
2849,002861,瀛通通讯,湖北
2850,002281,光迅科技,湖北
2851,300494,盛天网络,湖北
2852,300567,精测电子,湖北
2853,300387,富邦股份,湖北
2854,600568,中珠医疗,湖北
2855,600976,健民集团,湖北
2856,600774,汉商集团,湖北
2857,600681,百川能源,湖北
2858,000852,石化机械,湖北
2859,000883,湖北能源,湖北
2860,600168,武汉控股,湖北
2861,002627,宜昌交运,湖北
2862,002783,凯龙股份,湖北
2863,600801,华新水泥,湖北
2864,300516,久之洋,湖北
2865,300184,力源信息,湖北
2866,600086,东方金钰,湖北
2867,300046,台基股份,湖北
2868,002377,国创高新,湖北
2869,000665,湖北广电,湖北
2870,002365,永安药业,湖北
2871,600184,光电股份,湖北
2872,000966,长源电力,湖北
2873,600079,人福医药,湖北
2874,600298,安琪酵母,湖北
2875,002013,中航机电,湖北
2876,000670,盈方微,湖北
2877,600345,长江通信,湖北
2878,002305,南国置业,湖北
2879,600035,楚天高速,湖北
2880,000501,鄂武商Ａ,湖北
2881,300041,回天新材,湖北
2882,000826,启迪桑德,湖北
2883,300395,菲利华,湖北
2884,600136,当代明诚,湖北
2885,002159,三特索道,湖北
2886,300161,华中数控,湖北
2887,600141,兴发集团,湖北
2888,000678,襄阳轴承,湖北
2889,300278,华昌达,湖北
2890,000422,湖北宜化,湖北
2891,300276,三丰智能,湖北
2892,600498,烽火通信,湖北
2893,600293,三峡新材,湖北
2894,300205,天喻信息,湖北
2895,603716,塞力斯,湖北
2896,600703,三安光电,湖北
2897,600993,马应龙,湖北
2898,603738,泰晶科技,湖北
2899,300018,中元股份,湖北
2900,000708,大冶特钢,湖北
2901,000821,京山轻机,湖北
2902,000952,广济药业,湖北
2903,603067,振华股份,湖北
2904,000760,斯太尔,湖北
2905,600260,凯乐科技,湖北
2906,300527,华舟应急,湖北
2907,000520,长航凤凰,湖北
2908,600107,美尔雅,湖北
2909,300557,理工光科,湖北
2910,300323,华灿光电,湖北
2911,600006,东风汽车,湖北
2912,002414,高德红外,湖北
2913,300517,海波重科,湖北
2914,300683,海特生物,湖北
2915,600879,航天电子,湖北
2916,600355,精伦电子,湖北
2917,600757,长江传媒,湖北
2918,002194,武汉凡谷,湖北
2919,000590,启迪古汉,湖南
2920,600031,三一重工,湖南
2921,002903,宇环数控,湖南
2922,601636,旗滨集团,湖南
2923,000989,九 芝 堂,湖南
2924,000819,岳阳兴长,湖南
2925,300672,国科微,湖南
2926,000917,电广传媒,湖南
2927,300726,宏达电子,湖南
2928,000908,景峰医药,湖南
2929,000419,通程控股,湖南
2930,002452,长高集团,湖南
2931,300700,岱勒新材,湖南
2932,300474,景嘉微,湖南
2933,000799,酒鬼酒,湖南
2934,000932,*ST华菱,湖南
2935,603998,方盛制药,湖南
2936,603517,绝味食品,湖南
2937,300338,开元股份,湖南
2938,300015,爱尔眼科,湖南
2939,002251,步 步 高,湖南
2940,600975,新五丰,湖南
2941,002523,天桥起重,湖南
2942,002716,金贵银业,湖南
2943,300705,九典制药,湖南
2944,002549,凯美特气,湖南
2945,603721,中广天择,湖南
2946,603883,老百姓,湖南
2947,300148,天舟文化,湖南
2948,300665,飞鹿股份,湖南
2949,600961,株冶集团,湖南
2950,600390,五矿资本,湖南
2951,603319,湘油泵,湖南
2952,600731,湖南海利,湖南
2953,002567,唐人神,湖南
2954,002848,高斯贝尔,湖南
2955,000998,隆平高科,湖南
2956,600744,华银电力,湖南
2957,002892,科力尔,湖南
2958,000622,恒立实业,湖南
2959,603959,百利科技,湖南
2960,300035,中科电气,湖南
2961,002097,山河智能,湖南
2962,000157,中联重科,湖南
2963,002125,湘潭电化,湖南
2964,300268,佳沃股份,湖南
2965,300515,三德科技,湖南
2966,300216,千山药机,湖南
2967,000900,现代投资,湖南
2968,002661,克明面业,湖南
2969,600458,时代新材,湖南
2970,300267,尔康制药,湖南
2971,300123,太阳鸟,湖南
2972,300187,永清环保,湖南
2973,603939,益丰药房,湖南
2974,603989,艾华集团,湖南
2975,002261,拓维信息,湖南
2976,600156,华升股份,湖南
2977,000722,湖南发展,湖南
2978,002096,南岭民爆,湖南
2979,600698,湖南天雁,湖南
2980,000430,张家界,湖南
2981,600478,科力远,湖南
2982,600476,湘邮科技,湖南
2983,000906,浙商中拓,湖南
2984,000702,正虹科技,湖南
2985,600599,熊猫金控,湖南
2986,002843,泰嘉股份,湖南
2987,002113,天润数娱,湖南
2988,002761,多喜爱,湖南
2989,600479,千金药业,湖南
2990,002505,大康农业,湖南
2991,002297,博云新材,湖南
2992,300298,三诺生物,湖南
2993,300345,红宇新材,湖南
2994,002879,长缆科技,湖南
2995,002397,梦洁股份,湖南
2996,601901,方正证券,湖南
2997,300358,楚天科技,湖南
2998,300592,华凯创意,湖南
2999,002847,盐津铺子,湖南
3000,002155,湖南黄金,湖南
3001,300433,蓝思科技,湖南
3002,601098,中南传媒,湖南
3003,300413,快乐购,湖南
3004,002412,汉森制药,湖南
3005,002852,道道全,湖南
3006,600416,湘电股份,湖南
3007,000548,湖南投资,湖南
3008,002533,金杯电工,湖南
3009,002650,加加食品,湖南
3010,000504,南华生物,湖南
3011,300490,华自科技,湖南
3012,600963,岳阳林纸,湖南
3013,600969,郴电国际,湖南
3014,600257,大湖股份,湖南
3015,600127,金健米业,湖南
3016,000428,华天酒店,湖南
3017,002277,友阿股份,湖南
3018,000519,中兵红箭,湖南
3019,601212,白银有色,甘肃
3020,000779,三毛派神,甘肃
3021,600738,兰州民百,甘肃
3022,002644,佛慈制药,甘肃
3023,000672,上峰水泥,甘肃
3024,002772,众兴菌业,甘肃
3025,000552,靖远煤电,甘肃
3026,600311,荣华实业,甘肃
3027,300021,大禹节水,甘肃
3028,002145,中核钛白,甘肃
3029,600108,亚盛集团,甘肃
3030,000791,甘肃电投,甘肃
3031,600307,酒钢宏兴,甘肃
3032,601798,蓝科高新,甘肃
3033,300084,海默科技,甘肃
3034,603169,兰石重装,甘肃
3035,600687,刚泰控股,甘肃
3036,000981,银亿股份,甘肃
3037,600720,祁连山,甘肃
3038,600192,长城电工,甘肃
3039,300534,陇神戎发,甘肃
3040,600543,莫高股份,甘肃
3041,603919,金徽酒,甘肃
3042,002910,庄园牧场,甘肃
3043,600516,方大炭素,甘肃
3044,000929,兰州黄河,甘肃
3045,000995,皇台酒业,甘肃
3046,002219,恒康医疗,甘肃
3047,603999,读者传媒,甘肃
3048,601086,国芳集团,甘肃
3049,600354,敦煌种业,甘肃
3050,002185,华天科技,甘肃
3051,000691,ST亚太,甘肃
3052,002679,福建金森,福建
3053,000753,漳州发展,福建
3054,600103,青山纸业,福建
3055,600067,冠城大通,福建
3056,603636,南威软件,福建
3057,600493,凤竹纺织,福建
3058,600153,建发股份,福建
3059,002626,金达威,福建
3060,603909,合诚股份,福建
3061,002790,瑞尔特,福建
3062,002785,万里石,福建
3063,300640,德艺文创,福建
3064,603180,金牌厨柜,福建
3065,002174,游族网络,福建
3066,000797,中国武夷,福建
3067,603663,三祥新材,福建
3068,601933,永辉超市,福建
3069,603879,永悦科技,福建
3070,002235,安妮股份,福建
3071,601566,九牧王,福建
3072,600711,盛屯矿业,福建
3073,002229,鸿博股份,福建
3074,600563,法拉电子,福建
3075,603363,傲农生物,福建
3076,000663,永安林业,福建
3077,000671,阳 光 城,福建
3078,000997,新 大 陆,福建
3079,603306,华懋科技,福建
3080,002264,新 华 都,福建
3081,300062,中能电气,福建
3082,000732,泰禾集团,福建
3083,601377,兴业证券,福建
3084,300132,青松股份,福建
3085,002752,昇兴股份,福建
3086,603933,睿能科技,福建
3087,300427,红相电力,福建
3088,600436,片仔癀,福建
3089,002729,好利来,福建
3090,300188,美亚柏科,福建
3091,300102,乾照光电,福建
3092,002901,大博医疗,福建
3093,002868,绿康生化,福建
3094,300657,弘信电子,福建
3095,600592,龙溪股份,福建
3096,002474,榕基软件,福建
3097,600163,中闽能源,福建
3098,002682,龙洲股份,福建
3099,600057,象屿股份,福建
3100,000632,三木集团,福建
3101,603737,三棵树,福建
3102,600573,惠泉啤酒,福建
3103,300198,纳川股份,福建
3104,300174,元力股份,福建
3105,002029,七 匹 狼,福建
3106,300650,太龙照明,福建
3107,603686,龙马环卫,福建
3108,002417,三元达,福建
3109,000993,闽东电力,福建
3110,300436,广生堂,福建
3111,002102,冠福股份,福建
3112,002110,三钢闽光,福建
3113,002788,鹭燕医药,福建
3114,603678,火炬电子,福建
3115,600693,东百集团,福建
3116,300632,光莆股份,福建
3117,300560,中富通,福建
3118,002228,合兴包装,福建
3119,000536,华映科技,福建
3120,002398,建研集团,福建
3121,300658,延江股份,福建
3122,600815,*ST厦工,福建
3123,600755,厦门国贸,福建
3124,600603,广汇物流,福建
3125,002593,日上集团,福建
3126,600549,厦门钨业,福建
3127,002639,雪人股份,福建
3128,600033,福建高速,福建
3129,600897,厦门空港,福建
3130,300051,三五互联,福建
3131,603826,坤彩科技,福建
3132,300706,阿石创,福建
3133,600734,实达集团,福建
3134,300648,星云股份,福建
3135,603615,茶花股份,福建
3136,002396,星网锐捷,福建
3137,603345,安井食品,福建
3138,002578,闽发铝业,福建
3139,300712,永福股份,福建
3140,300056,三维丝,福建
3141,603817,海峡环保,福建
3142,000526,*ST紫学,福建
3143,600660,福耀玻璃,福建
3144,000547,航天发展,福建
3145,000592,平潭发展,福建
3146,002070,*ST众和,福建
3147,000701,厦门信达,福建
3148,300341,麦迪电气,福建
3149,603444,吉比特,福建
3150,002098,浔兴股份,福建
3151,603668,天马科技,福建
3152,600483,福能股份,福建
3153,002803,吉宏股份,福建
3154,002614,奥佳华,福建
3155,300628,亿联网络,福建
3156,601899,紫金矿业,福建
3157,603696,安记食品,福建
3158,600870,厦华电子,福建
3159,600686,金龙汽车,福建
3160,002335,科华恒盛,福建
3161,600388,龙净环保,福建
3162,600802,福建水泥,福建
3163,002529,海源机械,福建
3164,300096,易联众,福建
3165,603383,顶点软件,福建
3166,300525,博思软件,福建
3167,002517,恺英网络,福建
3168,603628,清源股份,福建
3169,603555,贵人鸟,福建
3170,300685,艾德生物,福建
3171,601166,兴业银行,福建
3172,002222,福晶科技,福建
3173,300299,富春股份,福建
3174,002509,天广中茂,福建
3175,002093,国脉科技,福建
3176,300605,恒锋信息,福建
3177,002299,圣农发展,福建
3178,002702,海欣食品,福建
3179,002300,太阳电缆,福建
3180,002674,兴业科技,福建
3181,600203,福日电子,福建
3182,000905,厦门港务,福建
3183,000752,西藏发展,西藏
3184,002827,高争民爆,西藏
3185,600326,西藏天路,西藏
3186,600749,西藏旅游,西藏
3187,603676,卫信康,西藏
3188,600873,梅花生物,西藏
3189,601020,华钰矿业,西藏
3190,000762,西藏矿业,西藏
3191,002287,奇正藏药,西藏
3192,603669,灵康药业,西藏
3193,002653,海思科,西藏
3194,002826,易明医药,西藏
3195,600338,西藏珠峰,西藏
3196,600773,西藏城投,西藏
3197,600211,西藏药业,西藏
3198,002895,川恒股份,贵州
3199,000851,高鸿股份,贵州
3200,002039,黔源电力,贵州
3201,603458,勘设股份,贵州
3202,000733,振华科技,贵州
3203,000540,中天金融,贵州
3204,002873,新天药业,贵州
3205,300288,朗玛信息,贵州
3206,600519,贵州茅台,贵州
3207,600227,赤天化,贵州
3208,603058,永吉股份,贵州
3209,600594,益佰制药,贵州
3210,600903,N贵燃,贵州
3211,002424,贵州百灵,贵州
3212,000589,黔轮胎Ａ,贵州
3213,600992,贵绳股份,贵州
3214,002025,航天电器,贵州
3215,000920,南方汇通,贵州
3216,600765,中航重机,贵州
3217,600367,红星发展,贵州
3218,600395,盘江股份,贵州
3219,601997,贵阳银行,贵州
3220,600996,贵广网络,贵州
3221,600523,贵航股份,贵州
3222,002390,信邦制药,贵州
3223,600112,*ST天成,贵州
3224,002037,久联发展,贵州
3225,603866,桃李面包,辽宁
3226,000818,方大化工,辽宁
3227,600125,铁龙物流,辽宁
3228,300293,蓝英装备,辽宁
3229,600241,时代万恒,辽宁
3230,000059,华锦股份,辽宁
3231,000809,*ST新城,辽宁
3232,600694,大商股份,辽宁
3233,002447,壹桥股份,辽宁
3234,600715,文投控股,辽宁
3235,600795,国电电力,辽宁
3236,600396,金山股份,辽宁
3237,300405,科隆股份,辽宁
3238,600593,大连圣亚,辽宁
3239,601999,出版传媒,辽宁
3240,603399,新华龙,辽宁
3241,600306,商业城,辽宁
3242,000616,海航投资,辽宁
3243,000881,中广核技,辽宁
3244,002123,梦网集团,辽宁
3245,002667,鞍重股份,辽宁
3246,600303,曙光股份,辽宁
3247,000597,东北制药,辽宁
3248,600167,联美控股,辽宁
3249,002731,萃华珠宝,辽宁
3250,000761,本钢板材,辽宁
3251,300210,森远股份,辽宁
3252,600317,营口港,辽宁
3253,600758,红阳能源,辽宁
3254,300125,易世达,辽宁
3255,300082,奥克股份,辽宁
3256,000511,*ST烯碳,辽宁
3257,002220,天宝食品,辽宁
3258,600719,大连热电,辽宁
3259,600718,东软集团,辽宁
3260,603318,派思股份,辽宁
3261,000638,万方发展,辽宁
3262,603315,福鞍股份,辽宁
3263,000820,神雾节能,辽宁
3264,000530,大冷股份,辽宁
3265,600609,金杯汽车,辽宁
3266,002231,奥维通信,辽宁
3267,600346,恒力股份,辽宁
3268,002487,大金重工,辽宁
3269,002354,天神娱乐,辽宁
3270,601880,大连港,辽宁
3271,000679,大连友谊,辽宁
3272,000898,鞍钢股份,辽宁
3273,002606,大连电瓷,辽宁
3274,600231,凌钢股份,辽宁
3275,002689,远大智能,辽宁
3276,000410,*ST沈机,辽宁
3277,300097,智云股份,辽宁
3278,600747,*ST大控,辽宁
3279,300290,荣科科技,辽宁
3280,300473,德尔股份,辽宁
3281,603360,百傲化学,辽宁
3282,600190,锦州港,辽宁
3283,000698,沈阳化工,辽宁
3284,300202,聚龙股份,辽宁
3285,000715,中兴商业,辽宁
3286,300024,机器人,辽宁
3287,300573,兴齐眼药,辽宁
3288,603396,金辰股份,辽宁
3289,600233,圆通速递,辽宁
3290,600297,广汇汽车,辽宁
3291,000751,锌业股份,辽宁
3292,603609,禾丰牧业,辽宁
3293,600739,辽宁成大,辽宁
3294,002621,三垒股份,辽宁
3295,600399,抚顺特钢,辽宁
3296,000692,惠天热电,辽宁
3297,002204,大连重工,辽宁
3298,002069,獐子岛,辽宁
3299,600917,重庆燃气,重庆
3300,002558,巨人网络,重庆
3301,002765,蓝黛传动,重庆
3302,600279,重庆港九,重庆
3303,300122,智飞生物,重庆
3304,000591,太阳能,重庆
3305,600565,迪马股份,重庆
3306,000892,欢瑞世纪,重庆
3307,300275,梅安森,重庆
3308,600129,太极集团,重庆
3309,600292,远达环保,重庆
3310,300194,福安药业,重庆
3311,600116,三峡水利,重庆
3312,000688,建新矿业,重庆
3313,601158,重庆水务,重庆
3314,002004,华邦健康,重庆
3315,600369,西南证券,重庆
3316,002742,三圣股份,重庆
3317,300363,博腾股份,重庆
3318,601777,力帆股份,重庆
3319,001696,宗申动力,重庆
3320,000565,渝三峡Ａ,重庆
3321,600666,奥瑞德,重庆
3322,000736,中交地产,重庆
3323,000514,渝 开 发,重庆
3324,600106,重庆路桥,重庆
3325,600729,重庆百货,重庆
3326,002907,华森制药,重庆
3327,603601,再升科技,重庆
3328,603100,川仪股份,重庆
3329,002507,涪陵榨菜,重庆
3330,000656,金科股份,重庆
3331,603976,正川股份,重庆
3332,601127,小康股份,重庆
3333,601005,*ST重钢,重庆
3334,000625,长安汽车,重庆
3335,601965,中国汽研,重庆
3336,600847,*ST万里,重庆
3337,600939,重庆建工,重庆
3338,600877,*ST嘉陵,重庆
3339,002872,天圣制药,重庆
3340,600452,涪陵电力,重庆
3341,603717,天域生态,重庆
3342,603766,隆鑫通用,重庆
3343,603758,秦安股份,重庆
3344,000950,*ST建峰,重庆
3345,000788,北大医药,重庆
3346,600132,重庆啤酒,重庆
3347,300006,莱美药业,重庆
3348,600217,中再资环,陕西
3349,002149,西部材料,陕西
3350,000768,中航飞机,陕西
3351,600080,金花股份,陕西
3352,002673,西部证券,陕西
3353,000563,陕国投Ａ,陕西
3354,300023,宝德股份,陕西
3355,601015,陕西黑猫,陕西
3356,600707,彩虹股份,陕西
3357,002799,环球印务,陕西
3358,000610,西安旅游,陕西
3359,300114,中航电测,陕西
3360,600817,*ST宏盛,陕西
3361,600984,建设机械,陕西
3362,600379,宝光股份,陕西
3363,300103,达刚路机,陕西
3364,000561,烽火电子,陕西
3365,600455,博通股份,陕西
3366,600893,航发动力,陕西
3367,300397,天和防务,陕西
3368,601179,中国西电,陕西
3369,002864,盘龙药业,陕西
3370,600831,广电网络,陕西
3371,601012,隆基股份,陕西
3372,000812,陕西金叶,陕西
3373,000516,国际医学,陕西
3374,601369,陕鼓动力,陕西
3375,300116,坚瑞沃能,陕西
3376,000837,秦川机床,陕西
3377,600302,标准股份,陕西
3378,600248,延长化建,陕西
3379,000721,西安饮食,陕西
3380,000564,供销大集,陕西
3381,603139,康惠制药,陕西
3382,002109,兴化股份,陕西
3383,300581,晨曦航空,陕西
3384,000697,炼石有色,陕西
3385,601225,陕西煤业,陕西
3386,600456,宝钛股份,陕西
3387,300487,蓝晓科技,陕西
3388,300140,中环装备,陕西
3389,000796,凯撒旅游,陕西
3390,601958,金钼股份,陕西
3391,600343,航天动力,陕西
3392,002267,陕天然气,陕西
3393,600706,曲江文旅,陕西
3394,300164,通源石油,陕西
3395,601168,西部矿业,青海
3396,002646,青青稞酒,青海
3397,000606,神州易桥,青海
3398,600243,青海华鼎,青海
3399,600869,智慧能源,青海
3400,000408,藏格控股,青海
3401,600381,青海春天,青海
3402,000792,盐湖股份,青海
3403,600117,西宁特钢,青海
3404,603843,正平股份,青海
3405,600771,广誉远,青海
3406,600714,金瑞矿业,青海
3407,000901,航天科技,黑龙江
3408,600726,华电能源,黑龙江
3409,002737,葵花药业,黑龙江
3410,600853,龙建股份,黑龙江
3411,600356,恒丰纸业,黑龙江
3412,600829,人民同泰,黑龙江
3413,600891,秋林集团,黑龙江
3414,600811,东方集团,黑龙江
3415,300040,九洲电气,黑龙江
3416,600038,中直股份,黑龙江
3417,600202,哈空调,黑龙江
3418,600187,国中水务,黑龙江
3419,600664,哈药股份,黑龙江
3420,600598,北大荒,黑龙江
3421,300489,中飞股份,黑龙江
3422,601011,宝泰隆,黑龙江
3423,603567,珍宝岛,黑龙江
3424,600371,万向德农,黑龙江
3425,600178,东安动力,黑龙江
3426,600701,工大高新,黑龙江
3427,002900,哈三联,黑龙江
3428,603023,威帝股份,黑龙江
3429,601106,*ST一重,黑龙江
3430,600179,安通控股,黑龙江
3431,601188,龙江交通,黑龙江
3432,002698,博实股份,黑龙江
3433,000922,*ST佳电,黑龙江
3434,002437,誉衡药业,黑龙江
3435,600289,亿阳信通,黑龙江
3436,600864,哈投股份,黑龙江
3437,000985,大庆华科,黑龙江
3438,000711,京蓝科技,黑龙江
3439,600705,中航资本,黑龙江
3440,000587,金洲慈航,黑龙江
3441,600182,S佳通,黑龙江
3442,600095,哈高科,黑龙江
